"Date","Price","Open","High","Low","Vol.","Change %"
"12/01/2025","85,658.03","86,065.92","86,104.36","85,588.88","5.26M","-0.06%"
"11/28/2025","85,706.67","85,791.55","85,969.89","85,577.82","6.39M","-0.02%"
"11/27/2025","85,720.38","85,745.05","86,055.86","85,473.85","15.81M","0.13%"
"11/26/2025","85,609.51","84,503.44","85,644.19","84,478.13","13.84M","1.21%"
"11/25/2025","84,587.01","85,008.93","85,110.24","84,536.73","6.17M","-0.37%"
"11/24/2025","84,900.71","85,320.04","85,473.47","84,710.11","9.64M","-0.39%"
"11/21/2025","85,231.92","85,347.40","85,609.40","85,187.84","14.17M","-0.47%"
"11/20/2025","85,632.68","85,470.92","85,801.70","85,201.22","24.29M","0.52%"
"11/19/2025","85,186.47","84,643.78","85,236.77","84,525.98","8.86M","0.61%"
"11/18/2025","84,673.02","85,042.37","85,042.41","84,558.36","10.66M","-0.33%"
"11/17/2025","84,950.95","84,700.50","84,988.09","84,581.08","10.48M","0.46%"
"11/14/2025","84,562.78","84,060.14","84,697.87","84,029.32","8.85M","0.10%"
"11/13/2025","84,478.67","84,525.89","84,919.43","84,253.05","25.58M","0.01%"
"11/12/2025","84,466.51","84,238.86","84,652.01","84,166.75","9.14M","0.71%"
"11/11/2025","83,871.32","83,671.52","83,936.47","83,124.03","16.47M","0.40%"
"11/10/2025","83,535.35","83,198.20","83,754.49","83,197.67","11.91M","0.38%"
"11/07/2025","83,216.28","83,150.15","83,390.11","82,670.95","15.94M","-0.11%"
"11/06/2025","83,311.01","83,516.69","83,846.35","83,237.65","17.92M","-0.18%"
"11/04/2025","83,459.15","84,000.64","84,068.01","83,412.77","9.51M","-0.62%"
"11/03/2025","83,978.49","83,835.10","84,127.00","83,609.54","1.35M","0.05%"
"10/31/2025","83,938.71","84,379.79","84,712.79","83,905.66","13.27M","-0.55%"
"10/30/2025","84,404.46","84,750.90","84,906.95","84,312.65","14.20M","-0.70%"
"10/29/2025","84,997.13","84,663.68","85,105.83","84,638.68","13.56M","0.44%"
"10/28/2025","84,628.16","84,625.71","84,986.94","84,219.39","12.94M","-0.18%"
"10/27/2025","84,778.84","84,297.39","84,932.08","84,294.20","11.96M","0.67%"
"10/24/2025","84,211.88","84,667.23","84,707.44","83,957.15","13.58M","-0.41%"
"10/23/2025","84,556.40","85,154.15","85,290.06","84,445.25","25.72M","0.15%"
"10/21/2025","84,426.34","84,484.67","84,665.44","84,286.40","3.39M","0.07%"
"10/20/2025","84,363.37","84,269.30","84,656.56","84,196.79","10.94M","0.49%"
"10/17/2025","83,952.19","83,331.78","84,172.24","83,206.08","14.33M","0.58%"
"10/16/2025","83,467.66","82,794.79","83,615.48","82,791.35","27.40M","1.04%"
"10/15/2025","82,605.43","82,197.25","82,727.02","82,084.37","10.64M","0.70%"
"10/14/2025","82,029.98","82,404.54","82,573.37","81,781.62","12.57M","-0.36%"
"10/13/2025","82,327.05","82,049.16","82,438.50","82,043.14","9.04M","-0.21%"
"10/10/2025","82,500.82","82,075.45","82,654.11","82,072.93","13.74M","0.40%"
"10/09/2025","82,172.10","81,900.00","82,247.73","81,667.68","23.15M","0.49%"
"10/08/2025","81,773.66","81,899.51","82,257.74","81,646.08","15.22M","-0.19%"
"10/07/2025","81,926.75","81,883.95","82,309.56","81,787.48","13.91M","0.17%"
"10/06/2025","81,790.12","81,274.79","81,846.42","81,155.88","8.77M","0.72%"
"10/03/2025","81,207.17","80,684.14","81,251.99","80,649.57","13.62M","0.28%"
"10/01/2025","80,983.31","80,173.24","81,068.43","80,159.90","22.27M","0.89%"
"09/30/2025","80,267.62","80,541.77","80,677.82","80,201.15","7.08M","-0.12%"
"09/29/2025","80,364.94","80,588.77","80,851.38","80,248.84","8.57M","-0.08%"
"09/26/2025","80,426.46","80,956.01","81,033.09","80,332.41","10.74M","-0.90%"
"09/25/2025","81,159.68","81,574.31","81,840.73","81,092.89","14.80M","-0.68%"
"09/24/2025","81,715.63","81,917.65","82,045.47","81,607.84","15.07M","-0.47%"
"09/23/2025","82,102.10","82,147.37","82,370.38","81,776.53","9.30M","-0.07%"
"09/22/2025","82,159.97","82,151.07","82,583.16","81,997.29","10.31M","-0.56%"
"09/19/2025","82,626.23","82,946.04","82,978.63","82,485.92","9.65M","-0.47%"
"09/18/2025","83,013.96","83,108.92","83,141.21","82,704.92","14.61M","0.39%"
"09/17/2025","82,693.71","82,506.40","82,741.95","82,490.47","14.65M","0.38%"
"09/16/2025","82,380.69","81,852.11","82,443.48","81,779.94","8.21M","0.73%"
"09/15/2025","81,785.74","81,925.51","81,998.51","81,744.70","10.53M","-0.15%"
"09/12/2025","81,904.70","81,758.95","81,992.85","81,641.38","11.06M","0.44%"
"09/11/2025","81,548.73","81,217.30","81,642.22","81,216.91","13.55M","0.15%"
"09/10/2025","81,425.15","81,504.36","81,643.88","81,235.42","11.83M","0.40%"
"09/09/2025","81,101.32","81,129.69","81,181.37","80,927.97","6.31M","0.39%"
"09/08/2025","80,787.30","80,904.40","81,171.38","80,733.07","8.74M","0.09%"
"09/05/2025","80,710.76","81,012.42","81,036.56","80,321.19","8.19M","-0.01%"
"09/04/2025","80,718.01","81,456.67","81,456.67","80,608.94","17.03M","0.19%"
"09/03/2025","80,567.71","80,295.99","80,671.28","80,004.60","17.06M","0.51%"
"09/02/2025","80,157.88","80,520.09","80,761.14","80,008.50","8.19M","-0.26%"
"09/01/2025","80,364.49","79,828.99","80,406.84","79,818.38","6.03M","0.70%"
"08/29/2025","79,809.65","80,010.83","80,310.74","79,741.76","12.45M","-0.34%"
"08/28/2025","80,080.57","80,754.66","80,775.71","80,013.02","7.85M","-0.87%"
"08/26/2025","80,786.54","81,377.39","81,450.28","80,685.98","20.48M","-1.04%"
"08/25/2025","81,635.91","81,501.06","81,799.06","81,364.86","9.71M","0.40%"
"08/22/2025","81,306.85","81,951.48","81,993.61","81,291.77","6.73M","-0.85%"
"08/21/2025","82,000.71","82,220.46","82,231.17","81,921.22","10.05M","0.17%"
"08/20/2025","81,857.84","81,671.47","81,985.62","81,494.50","9.37M","0.26%"
"08/19/2025","81,644.39","81,319.11","81,755.88","81,315.44","10.85M","0.46%"
"08/18/2025","81,273.75","81,315.79","81,765.77","81,202.42","19.28M","0.84%"
"08/14/2025","80,597.66","80,625.28","80,751.18","80,489.86","7.24M","0.07%"
"08/13/2025","80,539.91","80,492.17","80,683.74","80,319.00","12.31M","0.38%"
"08/12/2025","80,235.59","80,508.51","80,997.67","80,164.36","10.29M","-0.46%"
"08/11/2025","80,604.08","79,885.36","80,636.05","79,772.46","8.64M","0.93%"
"08/08/2025","79,857.79","80,478.01","80,550.40","79,775.84","23.21M","-0.95%"
"08/07/2025","80,623.26","80,262.98","80,737.55","79,811.29","37.53M","0.10%"
"08/06/2025","80,543.99","80,694.98","80,834.43","80,448.82","5.25M","-0.21%"
"08/05/2025","80,710.25","80,946.43","81,010.49","80,554.40","10.92M","-0.38%"
"08/04/2025","81,018.72","80,765.83","81,093.19","80,500.51","9.86M","0.52%"
"08/01/2025","80,599.91","81,074.41","81,317.51","80,495.57","14.68M","-0.72%"
"07/31/2025","81,185.58","80,695.50","81,803.27","80,695.15","9.71M","-0.36%"
"07/30/2025","81,481.86","81,594.52","81,618.96","81,187.06","7.21M","0.18%"
"07/29/2025","81,337.95","80,620.25","81,429.88","80,575.45","12.29M","0.55%"
"07/28/2025","80,891.02","81,299.97","81,557.41","80,776.44","5.14M","-0.70%"
"07/25/2025","81,463.09","82,065.76","82,069.51","81,397.69","9.96M","-0.88%"
"07/24/2025","82,184.17","82,779.95","82,784.24","82,047.22","14.01M","-0.66%"
"07/23/2025","82,726.64","82,451.87","82,786.43","82,279.73","10.09M","0.66%"
"07/22/2025","82,186.81","82,527.43","82,538.17","82,110.63","23.92M","-0.02%"
"07/21/2025","82,200.34","81,918.53","82,274.03","81,518.66","15.26M","0.54%"
"07/18/2025","81,757.73","82,193.62","82,334.75","81,608.13","8.31M","-0.61%"
"07/17/2025","82,259.24","82,753.53","82,757.09","82,219.27","8.76M","-0.45%"
"07/16/2025","82,634.48","82,534.66","82,784.75","82,342.94","7.62M","0.08%"
"07/15/2025","82,570.91","82,233.16","82,743.62","82,221.74","9.87M","0.39%"
"07/14/2025","82,253.46","82,537.87","82,537.87","82,010.38","18.11M","-0.30%"
"07/11/2025","82,500.47","82,820.76","83,040.74","82,442.25","10.72M","-0.83%"
"07/10/2025","83,190.28","83,658.20","83,742.28","83,134.97","7.55M","-0.41%"
"07/09/2025","83,536.08","83,625.89","83,781.36","83,382.28","7.83M","-0.21%"
"07/08/2025","83,712.51","83,387.03","83,812.31","83,320.95","15.31M","0.32%"
"07/07/2025","83,442.50","83,398.08","83,516.82","83,262.23","6.23M","0.01%"
"07/04/2025","83,432.89","83,306.81","83,477.86","83,015.83","8.77M","0.23%"
"07/03/2025","83,239.47","83,540.74","83,850.09","83,186.74","9.56M","-0.20%"
"07/02/2025","83,409.69","83,790.72","83,935.01","83,150.77","10.57M","-0.34%"
"07/01/2025","83,697.29","83,685.66","83,874.29","83,572.51","19.08M","0.11%"
"06/30/2025","83,606.46","84,027.33","84,099.53","83,482.13","6.25M","-0.54%"
"06/27/2025","84,058.90","83,774.45","84,089.35","83,645.41","8.61M","0.36%"
"06/26/2025","83,755.87","82,882.92","83,812.09","82,816.26","10.50M","1.21%"
"06/25/2025","82,755.51","82,448.80","82,815.91","82,339.57","7.52M","0.85%"
"06/24/2025","82,055.11","82,534.61","83,018.16","81,900.12","119.31M","0.19%"
"06/23/2025","81,896.79","81,704.07","82,169.67","81,476.76","7.98M","-0.62%"
"06/20/2025","82,408.17","81,354.85","82,494.49","81,323.20","6.67M","1.29%"
"06/19/2025","81,361.87","81,403.94","81,583.94","81,191.04","12.46M","-0.10%"
"06/18/2025","81,444.66","81,314.62","81,858.97","81,237.01","11.35M","-0.17%"
"06/17/2025","81,583.30","81,869.47","81,890.15","81,427.01","21.49M","-0.26%"
"06/16/2025","81,796.15","81,034.45","81,865.82","81,012.31","11.42M","0.84%"
"06/13/2025","81,118.60","80,427.81","81,238.68","80,354.59","6.64M","-0.70%"
"06/12/2025","81,691.98","82,571.67","82,661.04","81,523.16","5.95M","-1.00%"
"06/11/2025","82,515.14","82,473.02","82,783.51","82,308.91","11.30M","0.15%"
"06/10/2025","82,391.72","82,643.73","82,680.79","82,240.40","15.06M","-0.06%"
"06/09/2025","82,445.21","82,574.55","82,669.00","82,369.24","11.48M","0.31%"
"06/06/2025","82,188.99","81,434.24","82,299.89","81,140.11","12.37M","0.92%"
"06/05/2025","81,442.04","81,196.08","81,911.13","80,983.73","9.75M","0.55%"
"06/04/2025","80,998.25","80,777.65","81,087.29","80,705.18","7.48M","0.32%"
"06/03/2025","80,737.51","81,492.50","81,774.23","80,575.09","31.98M","-0.78%"
"06/02/2025","81,373.75","81,214.42","81,474.26","80,654.26","9.91M","-0.09%"
"05/30/2025","81,451.01","81,465.69","81,698.21","81,286.45","12.57M","-0.22%"
"05/29/2025","81,633.02","81,591.03","81,816.89","81,106.98","6.78M","0.39%"
"05/28/2025","81,312.32","81,457.61","81,613.36","81,244.02","24.10M","-0.29%"
"05/27/2025","81,551.63","82,038.20","82,410.52","81,121.70","20.69M","-0.76%"
"05/26/2025","82,176.45","81,928.95","82,492.24","81,867.23","10.19M","0.56%"
"05/23/2025","81,721.08","80,897.00","81,905.17","80,897.00","11.96M","0.95%"
"05/22/2025","80,951.99","81,323.05","81,323.24","80,489.92","10.69M","-0.79%"
"05/21/2025","81,596.63","81,327.61","82,021.64","81,237.06","5.75M","0.51%"
"05/20/2025","81,186.44","82,116.17","82,250.42","81,153.70","10.54M","-1.06%"
"05/19/2025","82,059.42","82,354.92","82,424.10","81,964.57","8.08M","-0.33%"
"05/16/2025","82,330.59","82,392.63","82,514.81","82,146.95","15.35M","-0.24%"
"05/15/2025","82,530.74","81,354.43","82,718.14","80,762.16","12.59M","1.48%"
"05/14/2025","81,330.56","81,278.49","81,691.87","80,910.03","15.24M","0.22%"
"05/13/2025","81,148.22","82,249.60","82,572.81","81,043.69","16.20M","-1.55%"
"05/12/2025","82,429.90","80,803.80","82,495.97","80,651.07","10.65M","3.74%"
"05/09/2025","79,454.47","78,968.34","80,032.93","78,968.34","8.75M","-1.10%"
"05/08/2025","80,334.81","80,912.34","80,927.99","79,987.61","10.57M","-0.51%"
"05/07/2025","80,746.78","79,948.80","80,844.63","79,937.48","8.75M","0.13%"
"05/06/2025","80,641.07","80,907.24","80,981.58","80,481.03","12.48M","-0.19%"
"05/05/2025","80,796.84","80,661.62","81,049.03","80,657.71","8.79M","0.37%"
"05/02/2025","80,501.99","80,300.19","81,177.93","80,168.59","12.66M","0.32%"
"04/30/2025","80,242.24","80,370.80","80,525.61","79,879.15","12.23M","-0.06%"
"04/29/2025","80,288.38","80,396.92","80,661.31","80,122.02","16.19M","0.09%"
"04/28/2025","80,218.37","79,343.63","80,321.88","79,341.35","8.49M","1.27%"
"04/25/2025","79,212.53","79,830.15","80,130.66","78,605.81","13.24M","-0.74%"
"04/24/2025","79,801.43","80,058.43","80,173.92","79,724.55","8.23M","-0.39%"
"04/23/2025","80,116.49","80,142.09","80,254.55","79,506.90","11.98M","0.65%"
"04/22/2025","79,595.59","79,728.39","79,824.30","79,253.44","14.81M","0.24%"
"04/21/2025","79,408.50","78,903.09","79,635.05","78,776.06","12.62M","1.09%"
"04/17/2025","78,553.20","76,968.02","78,616.77","76,665.77","11.11M","1.96%"
"04/16/2025","77,044.29","76,996.78","77,110.23","76,543.77","9.50M","0.40%"
"04/15/2025","76,734.89","76,852.06","76,907.63","76,435.07","12.93M","2.10%"
"04/11/2025","75,157.26","74,835.49","75,467.33","74,762.84","14.23M","1.77%"
"04/09/2025","73,847.15","74,103.83","74,103.83","73,673.06","9.15M","-0.51%"
"04/08/2025","74,227.08","74,013.73","74,859.39","73,424.92","17.06M","1.49%"
"04/07/2025","73,137.90","71,449.94","73,403.99","71,425.01","29.37M","-2.95%"
"04/04/2025","75,364.69","76,160.09","76,258.12","75,240.55","11.68M","-1.22%"
"04/03/2025","76,295.36","75,811.86","76,493.74","75,807.55","6.92M","-0.42%"
"04/02/2025","76,617.44","76,146.28","76,680.35","76,064.94","10.75M","0.78%"
"04/01/2025","76,024.51","76,882.58","77,487.05","75,912.18","10.59M","-1.80%"
"03/28/2025","77,414.92","77,690.69","77,766.70","77,185.62","16.70M","-0.25%"
"03/27/2025","77,606.43","77,087.39","77,747.46","77,082.51","12.67M","0.41%"
"03/26/2025","77,288.50","78,021.45","78,167.87","77,194.22","10.48M","-0.93%"
"03/25/2025","78,017.19","78,296.28","78,741.69","77,745.63","12.67M","0.04%"
"03/24/2025","77,984.38","77,456.27","78,107.23","77,179.35","10.10M","1.40%"
"03/21/2025","76,905.51","76,155.00","77,041.94","76,095.26","8.52M","0.73%"
"03/20/2025","76,348.06","75,917.11","76,456.25","75,684.58","9.06M","1.19%"
"03/19/2025","75,449.05","75,473.17","75,568.38","75,201.48","12.19M","0.20%"
"03/18/2025","75,301.26","74,608.66","75,385.76","74,480.15","14.52M","1.53%"
"03/17/2025","74,169.95","73,830.03","74,376.35","73,796.06","7.37M","0.46%"
"03/13/2025","73,828.91","74,392.54","74,401.11","73,770.59","9.90M","-0.27%"
"03/12/2025","74,029.76","74,270.81","74,392.15","73,598.16","13.85M","-0.10%"
"03/11/2025","74,102.32","73,743.88","74,195.17","73,663.60","11.68M","-0.02%"
"03/10/2025","74,115.17","74,474.98","74,741.25","74,022.24","6.59M","-0.29%"
"03/07/2025","74,332.58","74,347.14","74,586.43","74,038.03","6.90M","-0.01%"
"03/06/2025","74,340.09","74,308.30","74,390.80","73,415.68","10.08M","0.83%"
"03/05/2025","73,730.23","73,005.37","73,933.80","72,894.05","9.25M","1.01%"
"03/04/2025","72,989.93","72,817.34","73,033.18","72,633.54","6.22M","-0.13%"
"03/03/2025","73,085.94","73,427.65","73,649.72","72,784.54","10.11M","-0.15%"
"02/28/2025","73,198.10","74,201.77","74,282.43","73,141.27","9.08M","-1.90%"
"02/27/2025","74,612.43","74,706.60","74,834.09","74,520.78","6.74M","0.01%"
"02/25/2025","74,602.12","74,440.30","74,785.08","74,400.37","10.70M","0.20%"
"02/24/2025","74,454.41","74,893.45","74,907.04","74,387.44","6.40M","-1.14%"
"02/21/2025","75,311.06","75,612.61","75,748.72","75,112.41","12.72M","-0.56%"
"02/20/2025","75,735.96","75,672.84","75,794.15","75,463.01","6.94M","-0.27%"
"02/19/2025","75,939.18","75,787.27","76,338.58","75,581.38","5.05M","-0.04%"
"02/18/2025","75,967.39","76,073.71","76,091.69","75,531.01","8.65M","-0.04%"
"02/17/2025","75,996.86","75,641.41","76,041.96","75,294.76","8.05M","0.08%"
"02/14/2025","75,939.21","76,388.99","76,483.06","75,439.64","9.25M","-0.26%"
"02/13/2025","76,138.97","76,201.10","76,764.53","76,013.43","6.93M","-0.04%"
"02/12/2025","76,171.08","76,188.24","76,459.72","75,388.39","10.45M","-0.16%"
"02/11/2025","76,293.60","77,384.98","77,387.28","76,030.59","9.83M","-1.32%"
"02/10/2025","77,311.80","77,789.30","77,849.58","77,106.89","7.03M","-0.70%"
"02/07/2025","77,860.19","78,119.60","78,356.98","77,475.74","10.95M","-0.25%"
"02/06/2025","78,058.16","78,513.36","78,551.66","77,843.99","7.99M","-0.27%"
"02/05/2025","78,271.28","78,704.60","78,735.41","78,216.25","7.99M","-0.40%"
"02/04/2025","78,583.81","77,687.60","78,658.59","77,402.37","11.75M","1.81%"
"02/03/2025","77,186.74","77,063.94","77,260.37","76,756.09","11.44M","-0.41%"
"02/01/2025","77,505.96","77,637.01","77,899.05","77,006.47","15.89M","0.01%"
"01/31/2025","77,500.57","76,888.89","77,605.96","76,833.87","12.63M","0.97%"
"01/30/2025","76,759.81","76,598.84","76,962.88","76,401.13","18.55M","0.30%"
"01/29/2025","76,532.96","76,138.24","76,599.73","75,975.80","10.16M","0.83%"
"01/28/2025","75,901.41","75,659.00","76,512.96","75,622.88","13.00M","0.71%"
"01/27/2025","75,366.17","75,700.43","75,925.72","75,267.59","9.54M","-1.08%"
"01/24/2025","76,190.46","76,455.35","76,985.95","76,091.75","7.82M","-0.43%"
"01/23/2025","76,520.38","76,414.52","76,743.54","76,202.12","11.19M","0.15%"
"01/22/2025","76,404.99","76,114.42","76,463.13","75,816.50","16.04M","0.75%"
"01/21/2025","75,838.36","77,261.72","77,337.36","75,641.87","32.92M","-1.60%"
"01/20/2025","77,073.44","76,978.53","77,318.94","76,584.84","11.34M","0.59%"
"01/17/2025","76,619.33","77,069.19","77,069.19","76,263.29","9.69M","-0.55%"
"01/16/2025","77,042.82","77,319.50","77,319.50","76,895.51","8.65M","0.42%"
"01/15/2025","76,724.08","76,900.14","76,991.05","76,479.70","12.79M","0.29%"
"01/14/2025","76,499.63","76,335.75","76,835.61","76,335.75","16.84M","0.22%"
"01/13/2025","76,330.01","76,629.90","77,128.35","76,249.72","13.55M","-1.36%"
"01/10/2025","77,378.91","77,682.59","77,919.70","77,099.55","8.46M","-0.31%"
"01/09/2025","77,620.21","78,206.21","78,206.21","77,542.92","6.83M","-0.68%"
"01/08/2025","78,148.49","78,319.45","78,319.45","77,486.79","10.09M","-0.06%"
"01/07/2025","78,199.11","78,019.80","78,452.74","77,925.09","9.40M","0.30%"
"01/06/2025","77,964.99","79,281.65","79,532.67","77,781.62","11.77M","-1.59%"
"01/03/2025","79,223.11","80,072.99","80,072.99","79,109.73","10.86M","-0.90%"
"01/02/2025","79,943.71","78,657.52","80,032.87","78,542.37","8.63M","1.83%"
"01/01/2025","78,507.41","78,265.07","78,756.49","77,898.30","4.96M","0.47%"
"12/31/2024","78,139.01","77,982.57","78,305.34","77,560.79","6.07M","-0.14%"
"12/30/2024","78,248.13","78,637.58","79,092.70","78,077.13","8.94M","-0.57%"
"12/27/2024","78,699.07","78,607.62","79,043.15","78,598.55","7.69M","0.29%"
"12/26/2024","78,472.48","78,557.28","78,898.37","78,173.38","5.57M","0.00%"
"12/24/2024","78,472.87","78,707.37","78,877.36","78,397.79","6.18M","-0.09%"
"12/23/2024","78,540.17","78,488.64","78,918.12","78,189.19","10.32M","0.64%"
"12/20/2024","78,041.59","79,335.48","79,587.15","77,874.59","9.00M","-1.49%"
"12/19/2024","79,218.05","79,029.03","79,516.17","79,020.08","6.53M","-1.20%"
"12/18/2024","80,182.20","80,666.26","80,868.02","80,050.07","4.67M","-0.62%"
"12/17/2024","80,684.45","81,511.81","81,613.64","80,612.20","4.89M","-1.30%"
"12/16/2024","81,748.57","82,000.31","82,116.44","81,551.28","5.17M","-0.47%"
"12/13/2024","82,133.12","81,212.45","82,213.92","80,082.82","11.31M","1.04%"
"12/12/2024","81,289.96","81,476.76","81,680.97","81,211.64","7.80M","-0.29%"
"12/11/2024","81,526.14","81,568.39","81,742.37","81,383.42","6.28M","0.02%"
"12/10/2024","81,510.05","81,575.96","81,726.34","81,182.69","5.61M","0.00%"
"12/09/2024","81,508.46","81,602.58","81,783.28","81,411.55","6.36M","-0.25%"
"12/06/2024","81,709.12","81,887.54","81,925.91","81,506.19","8.84M","-0.07%"
"12/05/2024","81,765.86","81,182.74","82,317.74","80,467.37","7.51M","1.00%"
"12/04/2024","80,956.33","81,036.22","81,245.39","80,630.53","7.24M","0.14%"
"12/03/2024","80,845.75","80,529.20","80,949.10","80,244.78","9.40M","0.74%"
"12/02/2024","80,248.08","79,743.87","80,337.82","79,308.95","7.30M","0.56%"
"11/29/2024","79,802.79","79,032.99","79,923.90","79,026.18","8.92M","0.96%"
"11/28/2024","79,043.74","80,281.64","80,447.40","78,918.92","7.91M","-1.48%"
"11/27/2024","80,234.08","80,121.03","80,511.15","79,844.49","5.70M","0.29%"
"11/26/2024","80,004.06","80,415.47","80,482.36","79,798.67","10.44M","-0.13%"
"11/25/2024","80,109.85","80,193.47","80,473.08","79,765.99","13.98M","1.25%"
"11/22/2024","79,117.11","77,349.74","79,218.19","77,226.69","17.05M","2.54%"
"11/21/2024","77,155.79","77,711.11","77,711.11","76,802.73","8.82M","-0.54%"
"11/19/2024","77,578.38","77,548.00","78,451.65","77,411.31","7.15M","0.31%"
"11/18/2024","77,339.01","77,863.54","77,886.97","76,965.06","8.24M","-0.31%"
"11/14/2024","77,580.31","77,636.94","78,055.52","77,424.81","10.10M","-0.14%"
"11/13/2024","77,690.95","78,495.53","78,690.02","77,533.30","7.41M","-1.25%"
"11/12/2024","78,675.18","79,644.95","79,820.98","78,547.84","6.36M","-1.03%"
"11/11/2024","79,496.15","79,298.46","80,102.14","79,001.34","16.91M","0.01%"
"11/08/2024","79,486.32","79,611.90","79,807.26","79,117.37","10.34M","-0.07%"
"11/07/2024","79,541.79","80,563.42","80,563.42","79,419.34","8.18M","-1.04%"
"11/06/2024","80,378.13","79,771.82","80,569.73","79,459.12","20.21M","1.13%"
"11/05/2024","79,476.63","78,542.16","79,523.13","78,296.70","8.62M","0.88%"
"11/04/2024","78,782.24","79,713.14","79,713.14","78,232.60","9.48M","-1.18%"
"11/01/2024","79,724.12","80,023.75","80,023.75","79,655.55","2.25M","0.42%"
"10/31/2024","79,389.06","80,044.95","80,044.95","79,287.93","9.27M","-0.69%"
"10/30/2024","79,942.18","80,237.85","80,435.61","79,821.99","5.93M","-0.53%"
"10/29/2024","80,369.03","80,037.20","80,450.48","79,421.35","9.63M","0.45%"
"10/28/2024","80,005.04","79,653.67","80,539.81","79,418.82","10.75M","0.76%"
"10/25/2024","79,402.29","80,187.34","80,253.19","79,137.98","13.91M","-0.83%"
"10/24/2024","80,065.16","80,098.30","80,259.82","79,813.02","4.83M","-0.02%"
"10/23/2024","80,081.98","79,921.13","80,646.31","79,891.68","6.18M","-0.17%"
"10/22/2024","80,220.72","81,155.08","81,504.24","80,149.53","5.59M","-1.15%"
"10/21/2024","81,151.27","81,770.02","81,770.02","80,811.23","7.60M","-0.09%"
"10/18/2024","81,224.75","80,749.26","81,391.15","80,409.25","9.31M","0.27%"
"10/17/2024","81,006.61","81,758.07","81,781.40","80,905.64","6.84M","-0.61%"
"10/16/2024","81,501.36","81,646.60","81,932.15","81,358.26","5.58M","-0.39%"
"10/15/2024","81,820.12","82,101.86","82,300.44","81,635.57","5.51M","-0.19%"
"10/14/2024","81,973.05","81,576.93","82,072.17","81,541.20","7.67M","0.73%"
"10/11/2024","81,381.36","81,478.49","81,671.38","81,304.15","8.70M","-0.28%"
"10/10/2024","81,611.41","81,832.66","82,002.84","81,538.94","7.61M","0.18%"
"10/09/2024","81,467.10","81,954.58","82,319.21","81,342.89","7.51M","-0.21%"
"10/08/2024","81,634.81","80,826.56","81,763.28","80,813.07","7.16M","0.72%"
"10/07/2024","81,050.00","81,926.99","82,137.77","80,726.06","17.66M","-0.78%"
"10/04/2024","81,688.45","82,244.25","83,368.32","81,532.68","19.22M","-0.98%"
"10/03/2024","82,497.10","83,002.09","83,752.81","82,434.02","19.74M","-2.10%"
"10/01/2024","84,266.29","84,257.17","84,648.40","84,098.94","6.05M","-0.04%"
"09/30/2024","84,299.78","85,208.76","85,359.65","84,257.14","10.95M","-1.49%"
"09/27/2024","85,571.85","85,893.84","85,978.25","85,474.58","9.36M","-0.31%"
"09/26/2024","85,836.12","85,167.56","85,930.43","85,106.74","9.14M","0.78%"
"09/25/2024","85,169.87","84,836.45","85,247.42","84,743.04","13.52M","0.30%"
"09/24/2024","84,914.04","84,860.73","85,163.23","84,716.07","8.73M","-0.02%"
"09/23/2024","84,928.61","84,651.15","84,980.53","84,607.38","11.12M","0.45%"
"09/20/2024","84,544.31","83,603.04","84,694.46","83,187.64","28.72M","1.63%"
"09/19/2024","83,184.80","83,359.17","83,773.61","83,071.66","6.63M","0.29%"
"09/18/2024","82,948.23","83,037.13","83,326.38","82,700.63","5.08M","-0.16%"
"09/17/2024","83,079.66","83,084.63","83,152.41","82,866.68","9.83M","0.11%"
"09/16/2024","82,988.78","82,985.33","83,184.34","82,832.82","6.86M","0.12%"
"09/13/2024","82,890.94","83,091.55","83,092.93","82,653.22","12.72M","-0.09%"
"09/12/2024","82,962.71","81,930.18","83,116.19","81,534.29","8.35M","1.77%"
"09/11/2024","81,523.16","81,928.12","82,134.95","81,423.14","7.83M","-0.49%"
"09/10/2024","81,921.29","81,768.72","82,196.55","81,445.30","5.58M","0.44%"
"09/09/2024","81,559.54","80,973.75","81,653.36","80,895.05","7.83M","0.46%"
"09/06/2024","81,183.93","82,171.08","82,254.79","80,981.93","14.54M","-1.24%"
"09/05/2024","82,201.16","82,469.79","82,617.49","82,130.44","6.96M","-0.18%"
"09/04/2024","82,352.64","81,845.50","82,408.54","81,833.69","9.05M","-0.25%"
"09/03/2024","82,555.44","82,652.69","82,675.06","82,400.76","4.32M","-0.01%"
"09/02/2024","82,559.84","82,725.28","82,725.28","82,440.93","9.50M","0.24%"
"08/30/2024","82,365.77","82,637.03","82,637.03","82,256.02","10.31M","0.28%"
"08/29/2024","82,134.61","81,822.56","82,285.83","81,682.78","8.42M","0.43%"
"08/28/2024","81,785.56","81,779.84","82,039.26","81,578.32","5.10M","0.09%"
"08/27/2024","81,711.76","81,815.23","81,919.11","81,600.51","5.73M","0.02%"
"08/26/2024","81,698.11","81,388.26","81,824.27","81,278.44","16.17M","0.75%"
"08/23/2024","81,086.21","81,165.65","81,231.49","80,883.26","10.39M","0.04%"
"08/22/2024","81,053.19","81,207.24","81,236.45","80,954.02","5.83M","0.18%"
"08/21/2024","80,905.30","80,667.25","80,952.83","80,626.38","5.77M","0.13%"
"08/20/2024","80,802.86","80,722.54","80,942.96","80,517.95","6.64M","0.47%"
"08/19/2024","80,424.68","80,680.25","80,724.40","80,332.65","10.28M","-0.02%"
"08/16/2024","80,436.84","79,754.85","80,518.21","79,306.69","13.13M","1.68%"
"08/14/2024","79,105.88","79,065.22","79,228.94","78,895.72","10.69M","0.19%"
"08/13/2024","78,956.03","79,552.51","79,692.55","78,889.38","7.39M","-0.87%"
"08/12/2024","79,648.92","79,330.12","80,106.18","79,226.13","10.46M","-0.07%"
"08/09/2024","79,705.91","79,984.24","79,984.24","79,549.09","8.81M","1.04%"
"08/08/2024","78,886.22","79,420.49","79,626.92","78,798.94","8.91M","-0.73%"
"08/07/2024","79,468.01","79,565.40","79,639.20","79,106.20","8.60M","1.11%"
"08/06/2024","78,593.07","78,981.97","79,852.08","78,496.57","8.85M","-0.21%"
"08/05/2024","78,759.40","78,588.19","79,780.61","78,295.86","25.06M","-2.74%"
"08/02/2024","80,981.95","81,158.99","81,345.60","80,868.91","19.47M","-1.08%"
"08/01/2024","81,867.55","81,949.68","82,129.49","81,700.21","14.52M","0.15%"
"07/31/2024","81,741.34","81,655.90","81,828.04","81,434.32","6.92M","0.35%"
"07/30/2024","81,455.40","81,349.28","81,815.27","81,230.44","10.76M","0.12%"
"07/29/2024","81,355.84","81,679.65","81,908.43","81,135.91","19.44M","0.03%"
"07/26/2024","81,332.72","80,158.50","81,427.18","80,013.60","18.40M","1.62%"
"07/25/2024","80,039.80","79,542.11","80,143.10","79,477.83","9.65M","-0.14%"
"07/24/2024","80,148.88","80,343.38","80,519.58","79,750.51","9.89M","-0.35%"
"07/23/2024","80,429.04","80,724.30","80,766.41","79,224.32","13.07M","-0.09%"
"07/22/2024","80,502.08","80,408.90","80,800.92","80,100.65","11.40M","-0.13%"
"07/19/2024","80,604.65","81,585.06","81,587.76","80,499.10","16.13M","-0.91%"
"07/18/2024","81,343.46","80,514.25","81,522.55","80,390.37","9.26M","0.78%"
"07/16/2024","80,716.55","80,731.49","80,898.30","80,598.06","8.69M","0.06%"
"07/15/2024","80,664.86","80,686.54","80,862.54","80,556.97","16.23M","0.18%"
"07/12/2024","80,519.34","80,093.62","80,893.51","79,843.39","18.40M","0.78%"
"07/11/2024","79,897.34","80,170.09","80,170.09","79,464.38","8.19M","-0.03%"
"07/10/2024","79,924.77","80,481.36","80,481.36","79,435.76","9.34M","-0.53%"
"07/09/2024","80,351.64","80,107.21","80,397.17","79,998.56","6.23M","0.49%"
"07/08/2024","79,960.38","79,915.00","80,067.46","79,731.83","14.07M","-0.05%"
"07/05/2024","79,996.60","79,778.98","80,149.87","79,478.96","16.23M","-0.07%"
"07/04/2024","80,049.67","80,321.79","80,392.64","79,986.41","8.80M","0.08%"
"07/03/2024","79,986.80","80,013.77","80,074.30","79,754.95","7.61M","0.69%"
"07/02/2024","79,441.45","79,840.37","79,855.87","79,231.11","9.05M","-0.04%"
"07/01/2024","79,476.19","79,043.35","79,561.00","78,971.79","14.05M","0.56%"
"06/28/2024","79,032.73","79,457.58","79,671.58","78,905.89","17.24M","-0.27%"
"06/27/2024","79,243.18","78,758.67","79,396.03","78,467.34","9.60M","0.72%"
"06/26/2024","78,674.25","78,094.02","78,759.40","77,945.94","8.56M","0.80%"
"06/25/2024","78,053.52","77,529.19","78,164.71","77,459.60","8.83M","0.92%"
"06/24/2024","77,341.08","76,885.65","77,423.02","76,745.94","13.92M","0.17%"
"06/21/2024","77,209.90","77,729.48","77,808.45","76,802.00","23.24M","-0.35%"
"06/20/2024","77,478.93","77,554.83","77,643.09","77,100.36","8.74M","0.18%"
"06/19/2024","77,337.59","77,543.22","77,851.63","76,954.87","11.12M","0.05%"
"06/18/2024","77,301.14","77,235.31","77,366.77","77,071.44","7.36M","0.40%"
"06/14/2024","76,992.77","76,912.38","77,081.30","76,549.05","12.37M","0.24%"
"06/13/2024","76,810.90","77,102.05","77,145.46","76,719.70","7.47M","0.27%"
"06/12/2024","76,606.57","76,679.11","77,050.53","76,533.78","9.72M","0.20%"
"06/11/2024","76,456.59","76,680.90","76,860.53","76,296.44","6.71M","-0.04%"
"06/10/2024","76,490.08","76,935.41","77,079.04","76,379.73","17.25M","-0.27%"
"06/07/2024","76,693.36","75,031.79","76,795.31","74,941.88","29.00M","2.16%"
"06/06/2024","75,074.51","75,078.70","75,297.73","74,474.94","13.33M","0.93%"
"06/05/2024","74,382.24","73,027.88","74,534.82","71,879.44","17.18M","3.20%"
"06/04/2024","72,079.05","76,285.78","76,300.46","70,234.43","39.08M","-5.74%"
"06/03/2024","76,468.78","76,583.29","76,738.89","75,678.43","19.34M","3.39%"
"05/31/2024","73,961.31","74,208.53","74,478.89","73,765.15","19.20M","0.10%"
"05/30/2024","73,885.60","74,365.88","74,493.55","73,668.73","11.83M","-0.83%"
"05/29/2024","74,502.90","74,826.94","74,986.22","74,454.55","8.18M","-0.89%"
"05/28/2024","75,170.45","75,585.40","75,585.40","75,083.22","6.94M","-0.29%"
"05/27/2024","75,390.50","75,655.46","76,009.68","75,175.27","10.19M","-0.03%"
"05/24/2024","75,410.39","75,335.45","75,636.50","75,244.22","10.29M","-0.01%"
"05/23/2024","75,418.04","74,253.53","75,499.91","74,158.35","11.88M","1.61%"
"05/22/2024","74,221.06","74,165.52","74,307.79","73,860.33","6.23M","0.36%"
"05/21/2024","73,953.31","73,842.96","74,189.19","73,762.37","11.03M","-0.07%"
"05/18/2024","74,005.94","73,921.46","74,162.76","73,920.63","1.11M","0.12%"
"05/17/2024","73,917.03","73,711.31","74,070.84","73,459.80","11.88M","0.34%"
"05/16/2024","73,663.72","73,338.24","73,749.47","72,529.97","9.68M","0.93%"
"05/15/2024","72,987.03","73,200.23","73,301.47","72,822.66","7.72M","-0.16%"
"05/14/2024","73,104.61","72,696.72","73,286.26","72,683.99","7.13M","0.45%"
"05/13/2024","72,776.13","72,476.65","72,863.56","71,866.01","13.88M","0.15%"
"05/10/2024","72,664.47","72,475.45","72,946.54","72,366.29","11.02M","0.36%"
"05/09/2024","72,404.17","73,499.49","73,499.49","72,334.18","9.21M","-1.45%"
"05/08/2024","73,466.39","73,225.00","73,684.93","73,073.92","6.49M","-0.06%"
"05/07/2024","73,511.85","73,973.30","74,026.80","73,259.26","7.94M","-0.52%"
"05/06/2024","73,895.54","74,196.68","74,359.69","73,786.29","11.17M","0.02%"
"05/03/2024","73,878.15","75,017.82","75,095.18","73,467.73","15.62M","-0.98%"
"05/02/2024","74,611.11","74,391.73","74,812.43","74,360.69","18.43M","0.17%"
"04/30/2024","74,482.78","74,800.89","75,111.39","74,346.40","8.45M","-0.25%"
"04/29/2024","74,671.28","73,982.75","74,721.15","73,922.34","9.91M","1.28%"
"04/26/2024","73,730.16","74,509.31","74,515.91","73,616.65","13.70M","-0.82%"
"04/25/2024","74,339.44","73,572.34","74,571.25","73,556.15","11.85M","0.66%"
"04/24/2024","73,852.94","73,957.57","74,121.61","73,788.61","6.58M","0.16%"
"04/23/2024","73,738.45","74,048.94","74,059.89","73,688.31","6.43M","0.12%"
"04/22/2024","73,648.62","73,666.51","73,767.80","73,227.32","11.05M","0.77%"
"04/19/2024","73,088.33","71,999.65","73,210.17","71,816.46","16.20M","0.83%"
"04/18/2024","72,488.99","73,183.10","73,473.05","72,365.67","12.41M","-0.62%"
"04/16/2024","72,943.68","72,892.14","73,135.43","72,685.03","9.17M","-0.62%"
"04/15/2024","73,399.78","73,315.16","73,905.80","73,315.16","12.81M","-1.14%"
"04/12/2024","74,244.90","74,889.64","74,951.88","74,189.31","15.65M","-1.06%"
"04/10/2024","75,038.15","74,953.96","75,105.14","74,807.55","7.08M","0.47%"
"04/09/2024","74,683.70","75,124.28","75,124.28","74,603.37","40.99M","-0.08%"
"04/08/2024","74,742.50","74,555.44","74,869.30","74,410.07","8.30M","0.67%"
"04/05/2024","74,248.22","74,287.02","74,361.11","73,946.92","11.30M","0.03%"
"04/04/2024","74,227.63","74,413.82","74,501.73","73,485.12","10.74M","0.47%"
"04/03/2024","73,876.82","73,757.23","74,151.21","73,540.27","7.93M","-0.04%"
"04/02/2024","73,903.91","74,022.30","74,099.78","73,743.77","6.25M","-0.15%"
"04/01/2024","74,014.55","73,968.62","74,254.62","73,909.39","13.09M","0.49%"
"03/28/2024","73,651.35","73,149.34","74,190.31","73,120.33","14.88M","0.90%"
"03/27/2024","72,996.31","72,692.16","73,138.73","72,600.73","9.38M","0.73%"
"03/26/2024","72,470.30","72,396.97","72,705.29","72,363.03","30.62M","-0.50%"
"03/22/2024","72,831.94","72,231.66","73,115.62","72,172.09","26.08M","0.26%"
"03/21/2024","72,641.19","72,507.36","72,882.46","72,416.03","12.94M","0.75%"
"03/20/2024","72,101.69","72,036.86","72,402.67","71,674.42","8.28M","0.12%"
"03/19/2024","72,012.05","72,462.94","72,490.09","71,933.35","38.39M","-1.01%"
"03/18/2024","72,748.42","72,587.30","72,985.89","72,314.16","11.02M","0.14%"
"03/15/2024","72,643.43","72,886.77","72,998.07","72,484.82","22.32M","-0.62%"
"03/14/2024","73,097.28","72,570.10","73,364.30","72,497.19","9.99M","0.46%"
"03/13/2024","72,761.89","73,993.40","74,052.75","72,515.71","452.05M","-1.23%"
"03/12/2024","73,667.96","73,516.42","74,004.16","73,342.12","9.63M","0.22%"
"03/11/2024","73,502.64","74,175.93","74,187.35","73,433.91","9.80M","-0.83%"
"03/07/2024","74,119.39","74,242.74","74,245.17","73,921.48","15.97M","0.05%"
"03/06/2024","74,085.99","73,587.70","74,151.27","73,321.48","13.29M","0.55%"
"03/05/2024","73,677.13","73,767.42","73,915.54","73,412.25","21.23M","-0.26%"
"03/04/2024","73,872.29","73,903.09","73,990.13","73,747.01","14.19M","0.09%"
"03/02/2024","73,806.15","73,848.19","73,994.70","73,778.14","2.96M","0.08%"
"03/01/2024","73,745.35","72,606.31","73,819.21","72,591.14","20.65M","1.72%"
"02/29/2024","72,500.30","72,220.57","72,730.00","72,099.32","18.55M","0.27%"
"02/28/2024","72,304.88","73,162.82","73,223.11","72,222.29","6.17M","-1.08%"
"02/27/2024","73,095.22","72,723.53","73,161.30","72,660.13","8.26M","0.42%"
"02/26/2024","72,790.13","73,044.81","73,092.26","72,666.82","7.87M","-0.48%"
"02/23/2024","73,142.80","73,394.44","73,413.93","73,022.00","11.95M","-0.02%"
"02/22/2024","73,158.24","72,677.51","73,256.39","72,081.36","9.13M","0.74%"
"02/21/2024","72,623.09","73,267.48","73,267.80","72,450.56","13.91M","-0.59%"
"02/20/2024","73,057.40","72,727.87","73,130.69","72,510.24","7.73M","0.48%"
"02/19/2024","72,708.16","72,627.60","72,881.93","72,308.68","8.41M","0.39%"
"02/16/2024","72,426.64","72,406.02","72,545.33","72,218.10","15.15M","0.52%"
"02/15/2024","72,050.38","72,061.47","72,164.97","71,644.44","8.19M","0.32%"
"02/14/2024","71,822.83","71,035.25","71,938.59","70,809.84","10.69M","0.37%"
"02/13/2024","71,555.19","71,292.08","71,662.74","70,924.30","8.07M","0.68%"
"02/12/2024","71,072.49","71,722.31","71,756.58","70,922.57","10.69M","-0.73%"
"02/09/2024","71,595.49","71,410.29","71,676.49","71,200.31","18.98M","0.23%"
"02/08/2024","71,428.43","72,473.42","72,473.42","71,230.62","14.48M","-1.00%"
"02/07/2024","72,152.00","72,548.50","72,559.21","71,938.22","12.78M","-0.05%"
"02/06/2024","72,186.09","71,970.82","72,261.40","71,625.18","10.47M","0.63%"
"02/05/2024","71,731.42","72,269.12","72,385.93","71,602.14","19.88M","-0.49%"
"02/02/2024","72,085.63","71,977.56","73,089.40","71,948.77","19.37M","0.61%"
"02/01/2024","71,645.30","71,998.78","72,151.02","71,574.89","11.49M","-0.15%"
"01/31/2024","71,752.11","71,073.04","71,851.39","70,846.04","11.01M","0.86%"
"01/30/2024","71,139.90","72,000.20","72,142.23","71,075.72","12.91M","-1.11%"
"01/29/2024","71,941.57","70,968.10","72,010.22","70,880.54","13.94M","1.76%"
"01/25/2024","70,700.67","71,022.10","71,049.46","70,319.04","36.66M","-0.51%"
"01/24/2024","71,060.31","70,165.49","71,149.61","70,001.60","15.56M","0.98%"
"01/23/2024","70,370.55","71,868.20","72,039.20","70,234.55","11.38M","-1.47%"
"01/20/2024","71,423.65","72,008.30","72,026.26","71,312.71","8.61M","-0.36%"
"01/19/2024","71,683.23","71,786.74","71,895.64","71,542.74","25.52M","0.70%"
"01/18/2024","71,186.86","71,018.86","71,451.29","70,665.50","13.00M","-0.44%"
"01/17/2024","71,500.76","71,998.93","72,484.80","71,429.30","14.14M","-2.23%"
"01/16/2024","73,128.77","73,331.95","73,427.59","72,960.29","11.16M","-0.27%"
"01/15/2024","73,327.94","73,049.87","73,402.16","72,909.00","16.01M","1.05%"
"01/12/2024","72,568.45","72,148.07","72,720.96","71,982.29","20.44M","1.18%"
"01/11/2024","71,721.18","71,907.75","71,999.47","71,543.19","7.79M","0.09%"
"01/10/2024","71,657.71","71,383.20","71,733.84","71,110.98","9.37M","0.38%"
"01/09/2024","71,386.21","71,770.91","72,035.47","71,307.27","9.52M","0.04%"
"01/08/2024","71,355.22","72,113.25","72,181.77","71,301.04","10.90M","-0.93%"
"01/05/2024","72,026.15","72,016.71","72,156.48","71,779.83","14.86M","0.25%"
"01/04/2024","71,847.57","71,678.93","71,954.79","71,546.60","8.87M","0.69%"
"01/03/2024","71,356.60","71,832.62","71,862.00","71,303.97","13.55M","-0.75%"
"01/02/2024","71,892.48","72,332.85","72,332.85","71,613.74","279.14K","-0.53%"
"01/01/2024","72,271.94","72,218.39","72,561.91","72,031.23","9.73M","0.04%"
"12/29/2023","72,240.26","72,351.59","72,417.01","72,082.64","19.83M","-0.23%"
"12/28/2023","72,410.38","72,262.67","72,484.34","72,137.45","7.76M","0.52%"
"12/27/2023","72,038.43","71,492.02","72,119.85","71,473.65","9.81M","0.98%"
"12/26/2023","71,336.80","71,097.78","71,471.29","71,012.08","7.74M","0.32%"
"12/22/2023","71,106.96","71,045.65","71,259.55","70,713.56","15.30M","0.34%"
"12/21/2023","70,865.10","69,920.89","70,958.71","69,920.39","8.77M","0.51%"
"12/20/2023","70,506.31","71,647.66","71,913.07","70,302.60","13.18M","-1.30%"
"12/19/2023","71,437.19","71,479.28","71,623.71","71,071.98","8.58M","0.17%"
"12/18/2023","71,315.09","71,437.35","71,552.24","71,142.29","12.46M","-0.24%"
"12/15/2023","71,483.75","70,804.13","71,605.76","70,655.97","25.05M","1.37%"
"12/14/2023","70,514.20","70,146.09","70,602.89","70,110.75","12.25M","1.34%"
"12/13/2023","69,584.60","69,648.56","69,657.93","69,100.56","7.05M","0.05%"
"12/12/2023","69,551.03","70,020.68","70,033.64","69,443.85","7.00M","-0.54%"
"12/11/2023","69,928.53","69,925.63","70,057.83","69,782.48","12.45M","0.15%"
"12/08/2023","69,825.60","69,666.38","69,893.80","69,506.12","18.17M","0.44%"
"12/07/2023","69,521.69","69,694.15","69,695.33","69,320.53","26.03M","-0.19%"
"12/06/2023","69,653.73","69,534.93","69,744.62","69,395.01","10.36M","0.52%"
"12/05/2023","69,296.14","69,168.53","69,381.31","68,954.88","9.62M","0.63%"
"12/04/2023","68,865.12","68,435.34","68,918.22","68,274.47","30.87M","2.05%"
"12/01/2023","67,481.19","67,181.15","67,564.33","67,149.07","21.68M","0.74%"
"11/30/2023","66,988.44","66,963.20","67,069.89","66,610.35","11.07M","0.13%"
"11/29/2023","66,901.91","66,381.26","66,946.28","66,374.52","8.33M","1.10%"
"11/28/2023","66,174.20","66,063.72","66,256.20","65,906.65","5.08M","0.31%"
"11/24/2023","65,970.04","66,000.29","66,101.64","65,894.05","10.84M","-0.07%"
"11/23/2023","66,017.81","66,084.37","66,235.24","65,980.50","7.52M","-0.01%"
"11/22/2023","66,023.24","65,839.62","66,063.43","65,664.85","4.28M","0.14%"
"11/21/2023","65,930.77","65,860.46","66,082.36","65,849.17","5.41M","0.42%"
"11/20/2023","65,655.15","65,787.51","65,844.01","65,547.80","7.15M","-0.21%"
"11/17/2023","65,794.73","65,788.79","66,037.69","65,639.74","10.89M","-0.28%"
"11/16/2023","65,982.48","65,665.87","66,358.37","65,507.02","11.56M","0.47%"
"11/15/2023","65,675.93","65,461.54","65,747.65","65,373.50","7.53M","1.14%"
"11/13/2023","64,933.87","65,158.31","65,176.96","64,853.36","7.70M","-0.50%"
"11/12/2023","65,259.45","65,418.98","65,418.98","65,218.60","1.67M","0.55%"
"11/10/2023","64,904.68","64,756.11","65,014.06","64,580.95","11.14M","0.11%"
"11/09/2023","64,832.20","65,025.32","65,046.56","64,768.76","11.57M","-0.22%"
"11/08/2023","64,975.61","65,101.95","65,124.00","64,851.06","6.37M","0.05%"
"11/07/2023","64,942.40","65,021.29","65,021.29","64,638.10","7.70M","-0.03%"
"11/06/2023","64,958.69","64,835.23","64,992.54","64,617.48","8.13M","0.92%"
"11/03/2023","64,363.78","64,444.90","64,535.19","64,275.39","16.08M","0.44%"
"11/02/2023","64,080.90","64,033.40","64,202.64","63,815.35","6.38M","0.77%"
"11/01/2023","63,591.33","63,829.87","63,896.05","63,550.46","6.15M","-0.44%"
"10/31/2023","63,874.93","64,449.65","64,452.32","63,812.53","14.99M","-0.37%"
"10/30/2023","64,112.65","63,885.56","64,184.58","63,431.45","5.60M","0.52%"
"10/27/2023","63,782.80","63,559.32","63,913.13","63,393.37","12.61M","1.01%"
"10/26/2023","63,148.15","63,774.16","63,774.16","63,092.98","12.87M","-1.41%"
"10/25/2023","64,049.06","64,619.27","64,787.08","63,912.16","7.08M","-0.81%"
"10/23/2023","64,571.88","65,419.02","65,453.92","64,502.68","6.80M","-1.26%"
"10/20/2023","65,397.62","65,437.07","65,555.14","65,308.61","14.32M","-0.35%"
"10/19/2023","65,629.24","65,484.61","65,869.65","65,343.50","10.96M","-0.38%"
"10/18/2023","65,877.02","66,473.74","66,475.27","65,842.10","7.08M","-0.83%"
"10/17/2023","66,428.09","66,558.15","66,559.82","66,309.18","7.93M","0.39%"
"10/16/2023","66,166.93","66,238.15","66,342.75","66,039.38","6.56M","-0.17%"
"10/13/2023","66,282.74","66,034.21","66,478.90","65,895.41","13.40M","-0.19%"
"10/12/2023","66,408.39","66,564.57","66,577.60","66,339.42","7.13M","-0.10%"
"10/11/2023","66,473.05","66,376.42","66,592.16","66,299.79","16.76M","0.60%"
"10/10/2023","66,079.36","65,662.27","66,180.17","65,662.27","5.15M","0.87%"
"10/09/2023","65,512.39","65,560.07","65,789.98","65,434.61","7.27M","-0.73%"
"10/06/2023","65,995.63","65,867.54","66,095.81","65,762.33","10.18M","0.55%"
"10/05/2023","65,631.57","65,598.26","65,753.20","65,443.34","8.03M","0.62%"
"10/04/2023","65,226.04","65,330.65","65,332.52","64,878.77","8.64M","-0.44%"
"10/03/2023","65,512.10","65,813.42","65,813.50","65,344.59","8.65M","-0.48%"
"09/29/2023","65,828.41","65,743.93","66,151.65","65,570.38","8.43M","0.49%"
"09/28/2023","65,508.32","66,406.01","66,406.01","65,423.39","7.82M","-0.92%"
"09/27/2023","66,118.69","65,925.64","66,172.27","65,549.96","5.39M","0.26%"
"09/26/2023","65,945.47","66,071.63","66,078.26","65,865.63","6.50M","-0.12%"
"09/25/2023","66,023.69","66,082.99","66,225.63","65,764.03","6.80M","0.02%"
"09/22/2023","66,009.15","66,215.04","66,445.47","65,952.83","8.29M","-0.33%"
"09/21/2023","66,230.24","66,608.67","66,608.67","66,128.71","8.40M","-0.85%"
"09/20/2023","66,800.84","67,080.18","67,294.16","66,728.14","13.36M","-1.18%"
"09/18/2023","67,596.84","67,665.58","67,803.15","67,532.83","10.33M","-0.36%"
"09/15/2023","67,838.63","67,659.91","67,927.23","67,614.42","6.79M","0.47%"
"09/14/2023","67,519.00","67,627.03","67,771.05","67,336.46","8.09M","0.08%"
"09/13/2023","67,466.99","67,188.64","67,565.41","67,053.36","6.18M","0.37%"
"09/12/2023","67,221.13","67,506.88","67,539.10","66,948.18","8.75M","0.14%"
"09/11/2023","67,127.08","66,807.73","67,172.13","66,735.84","9.25M","0.79%"
"09/08/2023","66,598.91","66,381.43","66,766.92","66,299.30","11.46M","0.50%"
"09/07/2023","66,265.56","65,854.25","66,296.90","65,672.34","6.19M","0.58%"
"09/06/2023","65,880.52","65,744.19","65,971.13","65,488.03","6.14M","0.15%"
"09/05/2023","65,780.26","65,671.60","65,831.70","65,601.47","6.57M","0.23%"
"09/04/2023","65,628.14","65,525.91","65,683.91","65,285.56","13.75M","0.37%"
"09/01/2023","65,387.16","64,855.51","65,473.27","64,818.37","21.62M","0.86%"
"08/31/2023","64,831.41","65,178.33","65,277.04","64,723.63","48.56M","-0.39%"
"08/30/2023","65,087.25","65,311.58","65,458.70","65,052.74","17.71M","0.02%"
"08/29/2023","65,075.82","65,201.35","65,229.03","64,956.67","48.52M","0.12%"
"08/28/2023","64,996.60","64,908.08","65,213.45","64,776.92","20.80M","0.17%"
"08/25/2023","64,886.51","65,000.67","65,106.00","64,732.57","51.69M","-0.56%"
"08/24/2023","65,252.34","65,722.51","65,913.77","65,181.94","5.93M","-0.28%"
"08/23/2023","65,433.30","65,300.93","65,504.71","65,108.51","7.07M","0.33%"
"08/22/2023","65,220.03","65,272.42","65,362.91","65,165.45","5.43M","0.01%"
"08/21/2023","65,216.09","64,852.70","65,335.82","64,852.70","9.32M","0.41%"
"08/18/2023","64,948.66","65,025.71","65,175.32","64,754.72","14.26M","-0.31%"
"08/17/2023","65,151.02","65,503.85","65,535.14","65,046.10","6.37M","-0.59%"
"08/16/2023","65,539.42","65,238.67","65,605.74","65,032.89","4.16B","0.21%"
"08/14/2023","65,401.92","65,153.02","65,517.82","64,821.88","7.62M","0.12%"
"08/11/2023","65,322.65","65,727.80","65,727.80","65,274.61","7.60M","-0.56%"
"08/10/2023","65,688.18","65,945.39","65,956.25","65,509.14","6.04M","-0.47%"
"08/09/2023","65,995.81","65,810.96","66,066.01","65,444.38","6.63M","0.23%"
"08/08/2023","65,846.50","66,048.81","66,057.53","65,752.63","6.27M","-0.16%"
"08/07/2023","65,953.48","65,811.40","66,067.90","65,748.25","7.12M","0.35%"
"08/04/2023","65,721.25","65,453.55","65,799.27","65,387.18","12.46M","0.74%"
"08/03/2023","65,240.68","65,550.82","65,820.82","64,963.08","9.29M","-0.82%"
"08/02/2023","65,782.78","66,064.41","66,261.97","65,431.68","7.51M","-1.02%"
"08/01/2023","66,459.31","66,532.98","66,658.12","66,388.26","10.51M","-0.10%"
"07/31/2023","66,527.67","66,156.39","66,598.42","65,998.90","7.93M","0.56%"
"07/28/2023","66,160.20","66,266.35","66,351.22","65,878.65","12.29M","-0.16%"
"07/27/2023","66,266.82","66,834.12","66,984.17","66,060.74","8.38M","-0.66%"
"07/26/2023","66,707.20","66,434.72","66,897.27","66,431.34","10.46M","0.53%"
"07/25/2023","66,355.71","66,531.20","66,559.29","66,177.62","11.12M","-0.04%"
"07/24/2023","66,384.78","66,629.14","66,808.56","66,326.25","8.64M","-0.45%"
"07/21/2023","66,684.26","66,907.07","67,190.52","66,533.74","13.25M","-1.31%"
"07/20/2023","67,571.90","67,074.34","67,619.17","66,831.38","8.30M","0.71%"
"07/19/2023","67,097.44","66,905.01","67,171.38","66,703.61","8.48M","0.45%"
"07/18/2023","66,795.14","66,828.96","67,007.02","66,574.47","8.17M","0.31%"
"07/17/2023","66,589.93","66,148.18","66,656.21","66,015.63","9.18M","0.80%"
"07/14/2023","66,060.90","65,775.49","66,159.79","65,610.82","10.76M","0.77%"
"07/13/2023","65,558.89","65,667.07","66,064.21","65,452.15","9.53M","0.25%"
"07/12/2023","65,393.90","65,759.28","65,811.64","65,320.25","7.37M","-0.34%"
"07/11/2023","65,617.84","65,598.65","65,870.59","65,517.57","9.85M","0.42%"
"07/10/2023","65,344.17","65,482.33","65,633.49","65,246.40","14.44M","0.10%"
"07/07/2023","65,280.45","65,559.41","65,898.98","65,175.74","14.28M","-0.77%"
"07/06/2023","65,785.64","65,391.88","65,832.98","65,328.29","8.60M","0.52%"
"07/05/2023","65,446.04","65,493.68","65,584.33","65,256.49","7.42M","-0.05%"
"07/04/2023","65,479.05","65,503.85","65,672.97","65,171.06","6.57M","0.42%"
"07/03/2023","65,205.05","64,836.16","65,300.35","64,836.16","8.79M","0.75%"
"06/30/2023","64,718.56","64,068.44","64,768.58","64,068.44","29.73M","1.26%"
"06/28/2023","63,915.42","63,701.78","64,050.44","63,554.82","6.28M","0.79%"
"06/27/2023","63,416.03","63,151.85","63,467.54","63,054.84","4.77M","0.71%"
"06/26/2023","62,970.00","62,946.50","63,136.09","62,853.67","4.41M","-0.01%"
"06/23/2023","62,979.37","63,124.28","63,240.63","62,874.12","7.29M","-0.41%"
"06/22/2023","63,238.89","63,601.71","63,601.71","63,200.63","7.32M","-0.45%"
"06/21/2023","63,523.15","63,467.46","63,588.31","63,315.62","10.60M","0.31%"
"06/20/2023","63,327.70","63,176.77","63,440.19","62,801.91","5.01M","0.25%"
"06/19/2023","63,168.30","63,474.21","63,574.69","63,047.83","1.35M","-0.34%"
"06/16/2023","63,384.58","62,960.73","63,520.36","62,957.17","5.49M","0.74%"
"06/15/2023","62,917.63","63,153.78","63,310.96","62,871.08","6.70M","-0.49%"
"06/14/2023","63,228.51","63,115.48","63,274.03","63,013.51","11.94M","0.14%"
"06/13/2023","63,143.16","62,779.14","63,177.47","62,777.04","5.54M","0.67%"
"06/12/2023","62,724.71","62,659.98","62,804.89","62,615.20","4.94M","0.16%"
"06/09/2023","62,625.63","62,810.68","62,992.16","62,594.74","41.41M","-0.35%"
"06/08/2023","62,848.64","63,140.17","63,321.40","62,789.73","11.02M","-0.47%"
"06/07/2023","63,142.96","62,917.39","63,196.43","62,841.95","6.89M","0.56%"
"06/06/2023","62,792.88","62,738.35","62,867.95","62,554.21","8.09M","0.01%"
"06/05/2023","62,787.47","62,759.19","62,943.20","62,751.72","6.06M","0.38%"
"06/02/2023","62,547.11","62,601.97","62,719.84","62,379.86","6.33M","0.19%"
"06/01/2023","62,428.54","62,736.47","62,762.41","62,359.14","8.04M","-0.31%"
"05/31/2023","62,622.24","62,839.97","62,876.77","62,401.02","7.29M","-0.55%"
"05/30/2023","62,969.13","62,839.85","63,036.12","62,737.40","7.81M","0.20%"
"05/29/2023","62,846.38","62,801.54","63,026.00","62,801.54","9.63M","0.55%"
"05/26/2023","62,501.69","61,985.36","62,529.83","61,911.61","9.17M","1.02%"
"05/25/2023","61,872.62","61,706.13","61,934.01","61,484.66","8.44M","0.16%"
"05/24/2023","61,773.78","61,834.28","62,154.14","61,708.10","5.89M","-0.34%"
"05/23/2023","61,981.79","62,098.16","62,245.19","61,914.40","8.42M","0.03%"
"05/22/2023","61,963.68","61,579.78","62,044.46","61,579.78","5.57M","0.38%"
"05/19/2023","61,729.68","61,556.25","61,784.61","61,251.70","6.08M","0.48%"
"05/18/2023","61,431.74","61,937.86","61,955.90","61,349.34","8.18M","-0.21%"
"05/17/2023","61,560.64","61,932.32","61,979.94","61,340.10","6.73M","-0.60%"
"05/16/2023","61,932.47","62,474.11","62,475.95","61,847.41","5.88M","-0.66%"
"05/15/2023","62,345.71","62,157.10","62,562.67","61,950.30","6.86M","0.51%"
"05/12/2023","62,027.90","61,857.69","62,110.93","61,578.15","7.04M","0.20%"
"05/11/2023","61,904.52","62,158.10","62,168.22","61,823.07","6.11M","-0.06%"
"05/10/2023","61,940.20","61,843.36","61,974.35","61,572.93","4.76M","0.29%"
"05/09/2023","61,761.33","61,879.68","62,027.51","61,654.94","6.92M","0.00%"
"05/08/2023","61,764.25","61,166.09","61,854.19","61,166.09","7.87M","1.16%"
"05/05/2023","61,054.29","61,163.10","61,585.50","61,002.17","5.59M","-1.13%"
"05/04/2023","61,749.25","61,258.13","61,797.91","61,119.56","8.08M","0.91%"
"05/03/2023","61,193.30","61,274.96","61,274.96","61,024.44","6.06M","-0.26%"
"05/02/2023","61,354.71","61,301.61","61,486.24","61,255.00","6.72M","0.40%"
"04/28/2023","61,112.44","60,721.61","61,209.46","60,507.83","7.17M","0.76%"
"04/27/2023","60,649.38","60,315.56","60,698.31","60,271.49","5.52M","0.58%"
"04/26/2023","60,300.58","60,087.98","60,362.79","59,954.91","4.52M","0.28%"
"04/25/2023","60,130.71","60,202.77","60,268.67","59,967.02","6.54M","0.12%"
"04/24/2023","60,056.10","59,873.71","60,101.64","59,620.11","6.65M","0.67%"
"04/21/2023","59,655.06","59,538.79","59,781.36","59,412.81","5.74M","0.04%"
"04/20/2023","59,632.35","59,586.61","59,836.79","59,489.98","6.59M","0.11%"
"04/19/2023","59,567.80","59,745.89","59,745.89","59,452.72","7.75M","-0.27%"
"04/18/2023","59,727.01","59,991.26","60,113.47","59,579.30","7.33M","-0.31%"
"04/17/2023","59,910.75","60,385.90","60,407.86","59,442.47","15.20M","-0.86%"
"04/13/2023","60,431.00","60,364.41","60,486.91","60,081.43","6.61M","0.06%"
"04/12/2023","60,392.77","60,180.20","60,437.64","60,094.69","5.88M","0.39%"
"04/11/2023","60,157.72","60,028.60","60,267.68","59,919.88","6.87M","0.52%"
"04/10/2023","59,846.51","59,858.98","60,109.11","59,766.23","10.99M","0.02%"
"04/06/2023","59,832.97","59,627.01","59,950.06","59,520.12","4.72M","0.24%"
"04/05/2023","59,689.31","59,094.71","59,747.12","59,094.40","5.02M","0.99%"
"04/03/2023","59,106.44","59,131.16","59,204.82","58,793.08","4.27M","0.19%"
"03/31/2023","58,991.52","58,273.86","59,068.47","58,273.86","6.50M","1.78%"
"03/29/2023","57,960.09","57,572.08","58,124.20","57,524.32","5.87M","0.60%"
"03/28/2023","57,613.72","57,751.50","57,949.45","57,494.91","4.53M","-0.07%"
"03/27/2023","57,653.86","57,566.90","58,019.55","57,415.02","5.95M","0.22%"
"03/24/2023","57,527.10","57,890.66","58,066.40","57,422.98","6.43M","-0.69%"
"03/23/2023","57,925.28","58,061.41","58,396.17","57,838.85","5.08M","-0.50%"
"03/22/2023","58,214.59","58,245.26","58,418.78","58,063.50","3.30B","0.24%"
"03/21/2023","58,074.68","57,963.27","58,133.33","57,730.09","5.53M","0.77%"
"03/20/2023","57,628.95","57,773.55","57,829.23","57,084.91","6.51M","-0.62%"
"03/17/2023","57,989.90","58,038.17","58,178.94","57,503.90","6.30M","0.62%"
"03/16/2023","57,634.84","57,510.80","57,887.46","57,158.69","7.86M","0.14%"
"03/15/2023","57,555.90","58,268.54","58,473.63","57,455.67","7.63M","-0.59%"
"03/14/2023","57,900.19","58,168.75","58,490.98","57,721.16","10.23M","-0.58%"
"03/13/2023","58,237.85","59,033.77","59,510.92","58,094.55","8.01M","-1.52%"
"03/10/2023","59,135.13","59,259.83","59,262.47","58,884.98","6.31M","-1.12%"
"03/09/2023","59,806.28","60,467.09","60,467.09","59,750.53","7.67M","-0.90%"
"03/08/2023","60,348.09","59,916.10","60,402.85","59,844.82","6.48M","0.21%"
"03/06/2023","60,224.46","60,007.04","60,498.48","60,005.65","5.92M","0.69%"
"03/03/2023","59,808.97","59,241.20","59,967.04","59,231.58","9.22M","1.53%"
"03/02/2023","58,909.35","59,287.18","59,423.79","58,866.26","5.16M","-0.84%"
"03/01/2023","59,411.08","59,136.48","59,475.45","59,109.54","5.88M","0.76%"
"02/28/2023","58,962.12","59,346.61","59,483.72","58,795.97","6.88M","-0.55%"
"02/27/2023","59,288.35","59,331.31","59,441.13","58,937.64","7.48M","-0.30%"
"02/24/2023","59,463.93","59,859.48","59,908.77","59,325.34","5.26M","-0.24%"
"02/23/2023","59,605.80","59,777.64","59,960.04","59,406.31","7.11M","-0.23%"
"02/22/2023","59,744.98","60,391.86","60,462.90","59,681.55","8.06M","-1.53%"
"02/21/2023","60,672.72","60,770.43","60,976.59","60,583.72","5.14M","-0.03%"
"02/20/2023","60,691.54","61,112.84","61,290.19","60,607.02","6.12M","-0.51%"
"02/17/2023","61,002.57","60,993.54","61,302.72","60,810.67","8.09M","-0.52%"
"02/16/2023","61,319.51","61,566.22","61,682.25","61,196.72","6.86M","0.07%"
"02/15/2023","61,275.09","60,990.05","61,352.55","60,750.32","5.74M","0.40%"
"02/14/2023","61,032.26","60,550.25","61,102.74","60,550.25","7.05M","0.99%"
"02/13/2023","60,431.84","60,652.82","60,740.95","60,245.05","5.83M","-0.41%"
"02/10/2023","60,682.70","60,706.81","60,774.14","60,501.74","5.34M","-0.20%"
"02/09/2023","60,806.22","60,715.89","60,863.63","60,472.81","8.49M","0.23%"
"02/08/2023","60,663.79","60,332.99","60,792.10","60,324.92","13.26M","0.63%"
"02/07/2023","60,286.04","60,511.32","60,655.14","60,063.49","13.60M","-0.37%"
"02/06/2023","60,506.90","60,847.21","60,847.21","60,345.61","7.47M","-0.55%"
"02/03/2023","60,841.88","60,350.01","60,905.34","60,013.06","9.06M","1.52%"
"02/02/2023","59,932.24","59,459.87","60,007.67","59,215.62","10.41M","0.38%"
"02/01/2023","59,708.08","60,001.17","60,773.44","58,816.84","25.25M","0.27%"
"01/31/2023","59,549.90","59,770.83","59,787.63","59,104.59","8.96M","0.08%"
"01/30/2023","59,500.41","59,101.69","59,644.24","58,699.20","11.50M","0.29%"
"01/27/2023","59,330.90","60,166.90","60,166.90","58,974.70","12.93M","-1.45%"
"01/25/2023","60,205.06","60,834.73","60,899.21","60,081.36","8.07M","-1.27%"
"01/24/2023","60,978.75","61,122.20","61,266.06","60,849.12","9.49M","0.06%"
"01/23/2023","60,941.67","60,876.01","61,113.27","60,761.88","6.64M","0.53%"
"01/20/2023","60,621.77","60,901.16","61,001.18","60,585.25","6.32M","-0.39%"
"01/19/2023","60,858.43","60,920.02","61,032.47","60,716.55","8.54M","-0.31%"
"01/18/2023","61,045.74","60,716.03","61,110.25","60,569.19","6.92M","0.64%"
"01/17/2023","60,655.72","60,142.08","60,704.48","60,072.34","6.59M","0.94%"
"01/16/2023","60,092.97","60,550.50","60,586.77","59,963.83","6.50M","-0.28%"
"01/13/2023","60,261.18","60,044.96","60,418.26","59,628.43","7.22M","0.51%"
"01/12/2023","59,958.03","60,083.03","60,290.35","59,632.32","6.11M","-0.25%"
"01/11/2023","60,105.50","60,134.56","60,364.77","59,805.78","9.68M","-0.02%"
"01/10/2023","60,115.48","60,805.14","60,809.65","59,938.38","8.53M","-1.04%"
"01/09/2023","60,747.31","60,147.07","60,889.41","60,109.94","8.03M","1.41%"
"01/06/2023","59,900.37","60,388.74","60,537.63","59,669.91","8.64M","-0.75%"
"01/05/2023","60,353.27","60,847.50","60,877.06","60,049.84","8.93M","-0.50%"
"01/04/2023","60,657.45","61,294.65","61,327.21","60,593.56","7.95M","-1.04%"
"01/03/2023","61,294.20","61,074.88","61,343.96","61,004.04","6.67M","0.21%"
"01/02/2023","61,167.79","60,871.24","61,222.79","60,764.63","18.52M","0.54%"
"12/30/2022","60,840.74","61,329.16","61,392.68","60,743.71","8.04M","-0.48%"
"12/29/2022","61,133.88","60,628.29","61,210.65","60,479.06","7.87M","0.37%"
"12/28/2022","60,910.28","60,811.52","61,075.33","60,713.77","10.02M","-0.03%"
"12/27/2022","60,927.43","60,861.41","60,986.68","60,405.66","11.10M","0.60%"
"12/26/2022","60,566.42","59,755.08","60,833.78","59,754.10","6.49M","1.20%"
"12/23/2022","59,845.29","60,205.56","60,546.88","59,765.56","8.12M","-1.61%"
"12/22/2022","60,826.22","61,257.17","61,464.38","60,637.24","9.13M","-0.39%"
"12/21/2022","61,067.24","61,993.71","62,006.46","60,938.38","6.59M","-1.03%"
"12/20/2022","61,702.29","61,608.85","61,780.37","61,102.68","4.49M","-0.17%"
"12/19/2022","61,806.19","61,405.80","61,844.92","61,265.31","4.76M","0.76%"
"12/16/2022","61,337.81","61,534.24","61,893.22","61,292.53","6.96M","-0.75%"
"12/15/2022","61,799.03","62,530.07","62,624.81","61,715.61","5.61M","-1.40%"
"12/14/2022","62,677.91","62,685.94","62,835.11","62,591.28","5.71M","0.23%"
"12/13/2022","62,533.30","62,300.67","62,567.92","62,129.57","11.99M","0.65%"
"12/12/2022","62,130.57","61,770.56","62,239.42","61,676.15","7.02M","-0.08%"
"12/09/2022","62,181.67","62,690.86","62,735.42","61,889.11","7.27M","-0.62%"
"12/08/2022","62,570.68","62,504.04","62,633.56","62,320.18","13.73M","0.26%"
"12/07/2022","62,410.68","62,615.52","62,759.97","62,316.65","4.83M","-0.34%"
"12/06/2022","62,626.36","62,395.55","62,677.84","62,390.07","6.07M","-0.33%"
"12/05/2022","62,834.60","62,865.28","62,939.63","62,507.88","13.11M","-0.05%"
"12/02/2022","62,868.50","62,978.58","63,148.59","62,679.63","6.39M","-0.66%"
"12/01/2022","63,284.19","63,357.99","63,583.07","63,183.77","17.29M","0.29%"
"11/30/2022","63,099.65","62,743.47","63,303.01","62,648.38","8.93M","0.67%"
"11/29/2022","62,681.84","62,362.08","62,887.40","62,362.08","11.24M","0.28%"
"11/28/2022","62,504.80","62,016.35","62,701.40","61,959.74","6.97M","0.34%"
"11/25/2022","62,293.64","62,327.88","62,447.73","62,115.66","7.12M","0.03%"
"11/24/2022","62,272.68","61,656.00","62,412.33","61,600.42","7.66M","1.24%"
"11/23/2022","61,510.58","61,779.71","61,780.90","61,442.69","9.76M","0.15%"
"11/22/2022","61,418.96","61,126.56","61,466.63","61,073.68","9.74M","0.45%"
"11/21/2022","61,144.84","61,456.33","61,456.33","61,059.33","7.92M","-0.84%"
"11/18/2022","61,663.48","61,858.20","61,929.88","61,337.43","10.61M","-0.14%"
"11/17/2022","61,750.60","61,812.36","62,050.80","61,643.27","9.06M","-0.37%"
"11/16/2022","61,980.72","61,708.63","62,052.57","61,708.63","6.61M","0.17%"
"11/15/2022","61,872.99","61,630.05","61,955.96","61,436.90","11.43M","0.40%"
"11/14/2022","61,624.15","61,765.86","61,916.24","61,572.03","20.64M","-0.28%"
"11/11/2022","61,795.04","61,311.02","61,840.97","61,311.02","14.43M","1.95%"
"11/10/2022","60,613.70","60,524.27","60,848.73","60,425.47","10.17M","-0.69%"
"11/09/2022","61,033.55","61,304.29","61,447.23","60,905.15","9.10M","-0.25%"
"11/07/2022","61,185.15","61,188.13","61,401.54","60,714.36","17.03M","0.39%"
"11/04/2022","60,950.36","60,698.27","61,004.49","60,666.01","13.60M","0.19%"
"11/03/2022","60,836.41","60,511.57","60,994.37","60,485.14","24.96M","-0.11%"
"11/02/2022","60,906.09","61,156.89","61,209.65","60,794.39","10.83M","-0.35%"
"11/01/2022","61,121.35","61,065.58","61,289.73","60,868.69","58.15M","0.62%"
"10/31/2022","60,746.59","60,246.96","60,786.70","60,246.96","8.02M","1.31%"
"10/28/2022","59,959.85","59,746.80","60,133.17","59,739.05","9.97M","0.34%"
"10/27/2022","59,756.84","59,792.32","59,959.94","59,496.80","9.54M","0.36%"
"10/25/2022","59,543.96","60,002.96","60,081.24","59,489.02","14.93M","-0.48%"
"10/24/2022","59,831.66","59,804.02","59,994.25","59,776.66","2.13M","0.88%"
"10/21/2022","59,307.15","59,381.36","59,590.93","59,132.94","10.76M","0.18%"
"10/20/2022","59,202.90","58,824.48","59,273.85","58,791.28","8.65M","0.16%"
"10/19/2022","59,107.19","59,196.96","59,399.69","58,961.77","6.84M","0.25%"
"10/18/2022","58,960.60","58,744.13","59,143.66","58,744.13","8.62M","0.94%"
"10/17/2022","58,410.98","57,752.50","58,449.00","57,639.80","53.54M","0.85%"
"10/14/2022","57,919.97","58,162.74","58,435.12","57,848.23","9.40M","1.20%"
"10/13/2022","57,235.33","57,512.74","57,568.14","57,055.75","9.50M","-0.68%"
"10/12/2022","57,625.91","57,312.49","57,687.64","57,085.92","7.62M","0.84%"
"10/11/2022","57,147.32","58,004.25","58,027.52","57,050.40","52.66M","-1.46%"
"10/10/2022","57,991.11","57,424.07","58,125.01","57,365.68","6.83M","-0.34%"
"10/07/2022","58,191.29","58,092.56","58,269.34","57,851.15","7.26M","-0.05%"
"10/06/2022","58,222.10","58,314.05","58,578.76","58,173.70","9.60M","0.27%"
"10/04/2022","58,065.47","57,506.65","58,099.94","57,506.65","6.40M","2.25%"
"10/03/2022","56,788.81","57,403.92","57,454.84","56,683.40","8.06M","-1.11%"
"09/30/2022","57,426.92","56,240.15","57,722.63","56,147.23","12.31M","1.80%"
"09/29/2022","56,409.96","56,997.90","57,166.14","56,314.05","11.43M","-0.33%"
"09/28/2022","56,598.28","56,710.13","57,213.33","56,485.67","26.77M","-0.89%"
"09/27/2022","57,107.52","57,376.52","57,704.57","56,950.52","13.91M","-0.07%"
"09/26/2022","57,145.22","57,525.03","57,708.38","57,038.24","17.88M","-1.64%"
"09/23/2022","58,098.92","59,005.18","59,143.32","57,981.95","14.90M","-1.73%"
"09/22/2022","59,119.72","59,073.84","59,457.58","58,832.78","10.05M","-0.57%"
"09/21/2022","59,456.78","59,504.14","59,799.04","59,275.40","8.61M","-0.44%"
"09/20/2022","59,719.74","59,556.91","60,105.79","59,556.91","10.38M","0.98%"
"09/19/2022","59,141.23","58,747.31","59,277.55","58,487.76","58.00M","0.51%"
"09/16/2022","58,840.79","59,585.72","59,720.56","58,687.17","13.52M","-1.82%"
"09/15/2022","59,934.01","60,454.37","60,676.12","59,865.75","10.34M","-0.68%"
"09/14/2022","60,346.97","59,417.12","60,649.04","59,417.12","19.71M","-0.37%"
"09/13/2022","60,571.08","60,408.29","60,635.28","60,381.02","8.53M","0.76%"
"09/12/2022","60,115.13","59,912.29","60,284.55","59,912.29","14.25M","0.54%"
"09/09/2022","59,793.14","60,045.75","60,119.80","59,634.39","13.10M","0.18%"
"09/08/2022","59,688.22","59,374.99","59,711.96","59,315.71","12.11M","1.12%"
"09/07/2022","59,028.91","58,789.26","59,166.46","58,722.89","9.04M","-0.28%"
"09/06/2022","59,196.99","59,285.36","59,566.67","58,974.26","13.83M","-0.08%"
"09/05/2022","59,245.98","58,814.08","59,308.25","58,812.20","12.86M","0.75%"
"09/02/2022","58,803.33","58,969.02","59,108.66","58,558.64","10.74M","0.06%"
"09/01/2022","58,766.59","58,710.53","59,309.79","58,522.57","19.21M","-1.29%"
"08/30/2022","59,537.07","58,259.85","59,599.78","58,245.49","12.83M","2.70%"
"08/29/2022","57,972.62","57,367.47","58,208.30","57,367.47","14.47M","-1.46%"
"08/26/2022","58,833.87","59,050.67","59,321.65","58,722.69","9.04M","0.10%"
"08/25/2022","58,774.72","59,315.98","59,484.35","58,666.41","9.75M","-0.53%"
"08/24/2022","59,085.43","58,853.32","59,170.87","58,760.09","11.85M","0.09%"
"08/23/2022","59,031.30","58,205.97","59,199.11","58,172.48","12.96M","0.44%"
"08/22/2022","58,773.87","59,361.08","59,402.50","58,705.11","10.65M","-1.46%"
"08/19/2022","59,646.15","60,351.23","60,411.20","59,474.57","11.72M","-1.08%"
"08/18/2022","60,298.00","60,080.19","60,341.41","59,946.44","10.94M","0.06%"
"08/17/2022","60,260.13","59,938.05","60,323.25","59,857.80","9.68M","0.70%"
"08/16/2022","59,842.21","59,675.12","59,923.03","59,673.96","4.87B","0.64%"
"08/12/2022","59,462.78","59,235.98","59,538.08","59,113.01","14.21M","0.22%"
"08/11/2022","59,332.60","59,320.45","59,484.99","59,251.14","10.73M","0.88%"
"08/10/2022","58,817.29","58,977.34","58,984.32","58,583.36","9.79M","-0.06%"
"08/08/2022","58,853.07","58,417.71","58,934.90","58,266.65","9.82M","0.80%"
"08/05/2022","58,387.93","58,421.04","58,649.19","58,244.86","9.27M","0.15%"
"08/04/2022","58,298.80","58,571.28","58,712.66","57,577.05","8.90M","-0.09%"
"08/03/2022","58,350.53","58,174.11","58,415.63","57,788.78","7.16M","0.37%"
"08/02/2022","58,136.36","58,049.02","58,328.41","57,744.70","15.46M","0.04%"
"08/01/2022","58,115.50","57,823.10","58,170.67","57,540.36","72.59M","0.95%"
"07/29/2022","57,570.25","57,258.13","57,619.27","57,104.81","16.78M","1.25%"
"07/28/2022","56,857.79","56,267.55","56,914.22","56,236.45","13.86M","1.87%"
"07/27/2022","55,816.32","55,258.29","55,853.09","55,157.99","3.75M","0.99%"
"07/26/2022","55,268.49","55,834.38","55,834.38","55,203.43","4.88M","-0.89%"
"07/25/2022","55,766.22","55,877.50","56,018.09","55,537.08","6.12M","-0.55%"
"07/22/2022","56,072.23","55,800.84","56,186.05","55,685.45","6.55M","0.70%"
"07/21/2022","55,681.95","55,391.93","55,738.49","55,270.75","6.69M","0.51%"
"07/20/2022","55,397.53","55,486.12","55,630.26","55,298.23","6.83M","1.15%"
"07/19/2022","54,767.62","54,251.88","54,817.52","54,232.82","6.90M","0.45%"
"07/18/2022","54,521.15","54,069.30","54,556.66","54,034.97","63.82M","1.41%"
"07/15/2022","53,760.78","53,637.88","53,811.37","53,361.62","5.62M","0.65%"
"07/14/2022","53,416.15","53,688.62","53,861.28","53,163.77","4.71M","-0.18%"
"07/13/2022","53,514.15","54,210.10","54,211.22","53,455.26","5.65M","-0.69%"
"07/12/2022","53,886.61","54,219.78","54,236.49","53,824.97","6.26M","-0.94%"
"07/11/2022","54,395.23","54,248.60","54,527.90","54,090.53","6.08M","-0.16%"
"07/08/2022","54,481.84","54,574.43","54,627.14","54,278.77","7.54M","0.56%"
"07/07/2022","54,178.46","54,146.68","54,254.79","53,927.26","7.51M","0.80%"
"07/06/2022","53,750.97","53,170.70","53,819.31","53,143.28","14.76M","1.16%"
"07/05/2022","53,134.35","53,501.21","53,865.93","53,054.30","6.82M","-0.19%"
"07/04/2022","53,234.77","52,851.67","53,301.99","52,674.81","6.97M","0.62%"
"07/01/2022","52,907.93","52,863.34","53,053.04","52,094.25","7.22M","-0.21%"
"06/30/2022","53,018.94","52,897.16","53,377.54","52,883.25","5.63M","-0.02%"
"06/29/2022","53,026.97","52,623.15","53,244.84","52,612.68","5.23M","-0.28%"
"06/28/2022","53,177.45","52,846.26","53,301.40","52,771.53","5.52M","0.03%"
"06/27/2022","53,161.28","53,468.89","53,509.50","53,120.79","5.28M","0.82%"
"06/24/2022","52,727.98","52,654.24","52,909.87","52,447.25","4.99M","0.88%"
"06/23/2022","52,265.72","51,972.75","52,516.79","51,632.85","5.59M","0.86%"
"06/22/2022","51,822.53","52,186.36","52,272.85","51,739.98","5.76M","-1.35%"
"06/21/2022","52,532.07","51,897.60","52,799.40","51,808.76","5.14M","1.81%"
"06/20/2022","51,597.84","51,470.03","51,714.61","51,062.93","6.96M","0.46%"
"06/17/2022","51,360.42","51,181.99","51,652.83","50,921.22","8.27M","-0.26%"
"06/16/2022","51,495.79","53,018.91","53,142.50","51,425.48","9.19M","-1.99%"
"06/15/2022","52,541.39","52,650.41","52,867.73","52,493.36","5.91M","-0.29%"
"06/14/2022","52,693.57","52,495.94","53,095.32","52,459.48","6.94M","-0.29%"
"06/13/2022","52,846.70","53,184.61","53,207.54","52,527.08","7.48M","-2.68%"
"06/10/2022","54,303.44","54,760.25","54,780.78","54,205.99","4.76M","-1.84%"
"06/09/2022","55,320.28","54,514.17","55,366.84","54,507.41","5.97M","0.78%"
"06/08/2022","54,892.49","55,345.51","55,423.97","54,683.30","6.04M","-0.39%"
"06/07/2022","55,107.34","55,373.18","55,387.77","54,882.41","3.64M","-1.02%"
"06/06/2022","55,675.32","55,610.64","55,832.28","55,295.74","4.30M","-0.17%"
"06/03/2022","55,769.23","56,245.60","56,432.65","55,719.36","5.94M","-0.09%"
"06/02/2022","55,818.11","55,382.44","55,891.92","55,135.11","5.85M","0.79%"
"06/01/2022","55,381.17","55,588.27","55,791.49","55,091.43","7.33M","-0.33%"
"05/31/2022","55,566.41","55,622.01","55,925.62","55,369.14","8.27M","-0.64%"
"05/30/2022","55,925.74","55,507.75","56,082.65","55,466.30","5.94M","1.90%"
"05/27/2022","54,884.66","54,671.50","54,936.63","54,449.34","7.04M","1.17%"
"05/26/2022","54,252.53","53,950.84","54,346.22","53,425.25","7.48M","0.94%"
"05/25/2022","53,749.26","54,254.07","54,379.59","53,683.16","6.15M","-0.56%"
"05/24/2022","54,052.61","54,307.56","54,524.37","53,886.28","5.62M","-0.43%"
"05/23/2022","54,288.61","54,459.95","54,931.30","54,191.55","7.09M","-0.07%"
"05/20/2022","54,326.39","53,513.97","54,396.43","53,403.29","7.58M","2.91%"
"05/19/2022","52,792.23","53,070.30","53,356.04","52,669.51","9.15M","-2.61%"
"05/18/2022","54,208.53","54,554.89","54,786.00","54,130.89","5.81M","-0.20%"
"05/17/2022","54,318.47","53,285.19","54,399.42","53,176.02","7.44M","2.54%"
"05/16/2022","52,973.84","52,946.32","53,428.28","52,632.48","4.77M","0.34%"
"05/13/2022","52,793.62","53,565.74","53,785.71","52,654.89","9.28M","-0.26%"
"05/12/2022","52,930.31","53,608.35","53,632.55","52,702.30","6.86M","-2.14%"
"05/11/2022","54,088.39","54,544.91","54,598.55","53,519.30","7.17M","-0.51%"
"05/10/2022","54,364.85","54,309.31","54,857.02","54,226.33","8.04M","-0.19%"
"05/09/2022","54,470.67","54,188.21","54,795.47","53,918.02","9.26M","-0.67%"
"05/06/2022","54,835.58","54,928.29","55,070.12","54,586.75","8.05M","-1.56%"
"05/05/2022","55,702.23","56,255.07","56,566.80","55,613.82","8.22M","0.06%"
"05/04/2022","55,669.03","57,124.91","57,184.21","55,501.60","50.75M","-2.29%"
"05/02/2022","56,975.99","56,429.45","57,054.23","56,412.62","7.92M","-0.15%"
"04/29/2022","57,060.87","57,817.51","57,975.48","56,902.30","9.50M","-0.80%"
"04/28/2022","57,521.06","57,296.31","57,790.85","56,936.94","7.11M","1.23%"
"04/27/2022","56,819.39","56,983.68","57,079.03","56,584.04","6.57M","-0.94%"
"04/26/2022","57,356.61","57,066.24","57,442.24","56,904.51","7.34M","1.37%"
"04/25/2022","56,579.89","56,757.64","56,875.65","56,356.87","7.05M","-1.08%"
"04/22/2022","57,197.15","57,531.95","57,689.86","57,134.72","7.58M","-1.23%"
"04/21/2022","57,911.68","57,458.60","57,991.53","57,311.86","8.00M","1.53%"
"04/20/2022","57,037.50","56,741.43","57,216.51","56,521.33","7.58M","1.02%"
"04/19/2022","56,463.15","57,381.77","57,464.08","56,009.07","13.46M","-1.23%"
"04/18/2022","57,166.74","57,338.58","57,420.80","56,842.39","13.46M","-2.01%"
"04/13/2022","58,338.93","58,910.74","59,003.82","58,291.23","6.62M","-0.41%"
"04/12/2022","58,576.37","58,743.50","58,794.78","58,298.57","7.47M","-0.66%"
"04/11/2022","58,964.57","59,333.18","59,355.76","58,894.40","8.97M","-0.81%"
"04/08/2022","59,447.18","59,256.97","59,654.44","58,876.36","8.43M","0.70%"
"04/07/2022","59,034.95","59,402.61","59,504.92","58,977.35","8.27M","-0.97%"
"04/06/2022","59,610.41","59,815.71","59,941.57","59,509.84","10.58M","-0.94%"
"04/05/2022","60,176.50","60,786.07","60,786.07","60,067.18","6.76M","-0.72%"
"04/04/2022","60,611.74","59,764.13","60,845.10","59,760.22","12.57M","2.25%"
"04/01/2022","59,276.69","58,530.73","59,396.62","58,450.04","6.42M","1.21%"
"03/31/2022","58,568.51","58,779.71","58,890.92","58,485.79","4.38M","-0.20%"
"03/30/2022","58,683.99","58,362.85","58,727.78","58,176.00","6.28M","1.28%"
"03/29/2022","57,943.65","57,814.76","58,001.53","57,639.35","12.06M","0.61%"
"03/28/2022","57,593.49","57,472.72","57,638.34","56,825.09","6.30M","0.40%"
"03/25/2022","57,362.20","57,801.72","57,845.37","57,100.24","6.85M","-0.41%"
"03/24/2022","57,595.68","57,190.05","57,827.99","57,138.51","51.43M","-0.15%"
"03/23/2022","57,684.82","58,198.64","58,416.56","57,568.59","9.11M","-0.53%"
"03/22/2022","57,989.30","57,297.57","58,052.87","56,930.30","7.83M","1.22%"
"03/21/2022","57,292.49","58,030.41","58,127.95","57,229.08","6.37M","-0.99%"
"03/17/2022","57,863.93","57,620.28","58,095.84","57,518.06","7.15M","1.84%"
"03/16/2022","56,816.65","56,555.33","56,860.89","56,389.26","6.87M","1.86%"
"03/15/2022","55,776.85","56,663.87","56,720.60","55,418.95","8.14M","-1.26%"
"03/14/2022","56,486.02","55,614.40","56,545.83","55,556.47","9.07M","1.68%"
"03/11/2022","55,550.30","55,218.78","55,833.95","55,049.95","9.67M","0.15%"
"03/10/2022","55,464.39","56,242.47","56,242.47","54,982.82","9.82M","1.50%"
"03/09/2022","54,647.33","53,793.99","54,893.73","53,367.52","14.06M","2.29%"
"03/08/2022","53,424.09","52,430.06","53,484.26","52,260.82","16.28M","1.10%"
"03/07/2022","52,842.75","53,172.51","53,203.87","52,367.10","17.11M","-2.74%"
"03/04/2022","54,333.81","54,653.59","55,013.27","53,887.72","10.99M","-1.40%"
"03/03/2022","55,102.68","55,921.44","55,996.62","54,931.48","9.91M","-0.66%"
"03/02/2022","55,468.90","55,629.30","55,755.09","55,020.10","12.44M","-1.38%"
"02/28/2022","56,247.28","55,329.46","56,324.54","54,833.50","7.73M","0.70%"
"02/25/2022","55,858.52","55,321.72","56,183.70","55,299.28","9.87M","2.44%"
"02/24/2022","54,529.91","55,418.45","55,996.09","54,383.20","15.60M","-4.72%"
"02/23/2022","57,232.06","57,632.94","57,733.37","57,109.24","6.19M","-0.12%"
"02/22/2022","57,300.68","56,438.64","57,505.85","56,394.85","14.14M","-0.66%"
"02/21/2022","57,683.59","57,551.65","58,141.96","57,167.02","6.63M","-0.26%"
"02/18/2022","57,832.97","57,488.39","58,175.35","57,488.39","9.83M","-0.10%"
"02/17/2022","57,892.01","58,217.69","58,346.00","57,635.43","6.44M","-0.18%"
"02/16/2022","57,996.68","58,310.68","58,569.22","57,780.28","7.29M","-0.25%"
"02/15/2022","58,142.05","56,731.56","58,211.38","56,438.47","9.96M","3.08%"
"02/14/2022","56,405.84","56,720.32","57,191.91","56,295.70","8.34M","-3.00%"
"02/11/2022","58,152.92","58,447.15","58,447.15","57,914.10","5.71M","-1.31%"
"02/10/2022","58,926.03","58,810.53","59,060.24","58,332.28","6.68M","0.79%"
"02/09/2022","58,465.97","58,163.01","58,507.61","58,105.18","5.88M","1.14%"
"02/08/2022","57,808.58","57,799.67","57,925.82","57,058.77","8.91M","0.33%"
"02/07/2022","57,621.19","58,549.67","58,707.76","57,299.05","11.54M","-1.75%"
"02/04/2022","58,644.82","58,918.65","58,943.62","58,446.95","7.27M","-0.24%"
"02/03/2022","58,788.02","59,528.16","59,557.87","58,653.94","7.08M","-1.29%"
"02/02/2022","59,558.33","59,293.44","59,618.51","59,193.05","8.55M","1.18%"
"02/01/2022","58,862.57","58,672.86","59,032.20","57,737.66","13.96M","1.46%"
"01/31/2022","58,014.17","57,845.91","58,257.63","57,746.15","7.37M","1.42%"
"01/28/2022","57,200.23","57,795.11","58,084.33","57,119.28","13.02M","-0.13%"
"01/27/2022","57,276.94","57,317.38","57,508.61","56,439.36","10.28M","-1.00%"
"01/25/2022","57,858.15","57,158.63","57,966.93","56,409.63","10.44M","0.64%"
"01/24/2022","57,491.51","59,023.97","59,023.97","56,984.01","10.79M","-2.62%"
"01/21/2022","59,037.18","59,039.37","59,329.63","58,620.93","7.60M","-0.72%"
"01/20/2022","59,464.62","60,045.48","60,045.48","59,068.31","11.80M","-1.06%"
"01/19/2022","60,098.82","60,845.59","60,870.17","59,949.22","6.96M","-1.08%"
"01/18/2022","60,754.86","61,430.77","61,475.15","60,662.57","12.46M","-0.90%"
"01/17/2022","61,308.91","61,219.64","61,385.48","61,107.60","7.62M","0.14%"
"01/14/2022","61,223.03","61,040.32","61,324.59","60,757.03","6.94M","-0.02%"
"01/13/2022","61,235.30","61,259.99","61,348.57","60,949.81","9.33M","0.14%"
"01/12/2022","61,150.04","61,014.37","61,218.19","60,850.93","6.25M","0.88%"
"01/11/2022","60,616.89","60,342.70","60,689.25","60,281.52","6.45M","0.37%"
"01/10/2022","60,395.63","60,070.39","60,427.36","59,987.18","7.57M","1.09%"
"01/07/2022","59,744.65","59,776.10","60,130.18","59,401.44","8.30M","0.24%"
"01/06/2022","59,601.84","59,731.75","59,781.86","59,290.58","6.02M","-1.03%"
"01/05/2022","60,223.15","59,921.98","60,332.72","59,661.38","8.61M","0.61%"
"01/04/2022","59,855.93","59,343.79","59,937.33","59,084.40","9.11M","1.14%"
"01/03/2022","59,183.22","58,310.09","59,266.39","58,306.45","8.20M","1.60%"
"12/31/2021","58,253.82","57,849.76","58,409.30","57,846.52","7.00M","0.80%"
"12/30/2021","57,794.32","57,755.40","58,010.03","57,578.99","7.26M","-0.02%"
"12/29/2021","57,806.49","57,892.31","58,097.07","57,684.58","5.28M","-0.16%"
"12/28/2021","57,897.48","57,751.21","57,952.48","57,650.29","5.45M","0.83%"
"12/27/2021","57,420.24","56,948.33","57,512.01","56,543.08","5.66M","0.52%"
"12/24/2021","57,124.31","57,567.11","57,623.69","56,813.42","6.41M","-0.33%"
"12/23/2021","57,315.28","57,251.15","57,490.52","57,146.28","6.05M","0.68%"
"12/22/2021","56,930.56","56,599.47","56,989.01","56,471.03","6.08M","1.09%"
"12/21/2021","56,319.01","56,320.02","56,900.74","56,047.22","7.45M","0.89%"
"12/20/2021","55,822.01","56,517.26","56,538.15","55,132.68","13.33M","-2.09%"
"12/17/2021","57,011.74","58,021.63","58,062.28","56,950.98","8.57M","-1.54%"
"12/16/2021","57,901.14","58,243.43","58,337.20","57,683.11","5.20M","0.20%"
"12/15/2021","57,788.03","58,122.00","58,218.25","57,671.61","7.59M","-0.57%"
"12/14/2021","58,117.09","58,059.76","58,322.42","57,803.87","6.77M","-0.29%"
"12/13/2021","58,283.42","59,103.72","59,203.37","58,242.80","5.87M","-0.86%"
"12/10/2021","58,786.67","58,696.71","58,859.91","58,414.76","5.58M","-0.03%"
"12/09/2021","58,807.13","58,831.41","58,889.96","58,340.85","7.93M","0.27%"
"12/08/2021","58,649.68","58,158.56","58,702.65","58,122.27","13.41M","1.76%"
"12/07/2021","57,633.65","57,125.98","57,905.63","56,992.27","10.89M","1.56%"
"12/06/2021","56,747.14","57,778.01","57,781.46","56,687.62","7.24M","-1.65%"
"12/03/2021","57,696.46","58,555.58","58,757.09","57,640.57","8.48M","-1.31%"
"12/02/2021","58,461.29","57,781.48","58,513.93","57,680.41","8.15M","1.35%"
"12/01/2021","57,684.79","57,365.85","57,846.45","57,346.78","11.75M","1.09%"
"11/30/2021","57,064.87","57,272.08","58,183.77","56,867.51","8.06M","-0.34%"
"11/29/2021","57,260.58","57,028.04","57,626.51","56,382.93","8.36M","0.27%"
"11/26/2021","57,107.15","58,254.79","58,254.79","56,993.89","8.39M","-2.87%"
"11/25/2021","58,795.09","58,363.93","58,901.58","58,143.86","6.77M","0.78%"
"11/24/2021","58,340.99","58,839.32","58,968.12","58,143.44","8.75M","-0.55%"
"11/23/2021","58,664.33","57,983.95","58,834.95","57,718.34","11.97M","0.34%"
"11/22/2021","58,465.89","59,710.48","59,778.37","58,011.92","10.58M","-1.96%"
"11/18/2021","59,636.01","59,968.75","60,177.52","59,376.50","7.81M","-0.62%"
"11/17/2021","60,008.33","60,179.93","60,426.61","59,944.77","19.87M","-0.52%"
"11/16/2021","60,322.37","60,755.38","60,802.79","60,199.56","6.34M","-0.65%"
"11/15/2021","60,718.71","60,837.40","61,036.56","60,597.36","7.13M","0.05%"
"11/12/2021","60,686.69","60,248.04","60,750.72","59,997.96","6.90M","1.28%"
"11/11/2021","59,919.69","60,291.70","60,293.25","59,656.26","6.16M","-0.72%"
"11/10/2021","60,352.82","60,295.26","60,506.50","59,967.45","7.46M","-0.13%"
"11/09/2021","60,433.45","60,609.72","60,670.47","60,213.64","6.17M","-0.19%"
"11/08/2021","60,545.61","60,385.76","60,609.16","59,779.19","7.49M","0.80%"
"11/04/2021","60,067.62","60,207.97","60,207.97","60,011.46","1.84M","0.49%"
"11/03/2021","59,771.92","60,275.21","60,361.82","59,552.49","8.51M","-0.43%"
"11/02/2021","60,029.06","60,360.61","60,421.14","59,881.75","6.02M","-0.18%"
"11/01/2021","60,138.46","59,577.48","60,220.21","59,355.12","7.21M","1.40%"
"10/29/2021","59,306.93","59,857.33","60,132.81","59,089.37","8.96M","-1.13%"
"10/28/2021","59,984.70","61,081.00","61,081.00","59,777.58","8.60M","-1.89%"
"10/27/2021","61,143.33","61,499.70","61,576.85","60,989.39","8.91M","-0.34%"
"10/26/2021","61,350.26","60,997.90","61,497.71","60,791.29","6.73M","0.63%"
"10/25/2021","60,967.05","61,398.75","61,404.99","60,449.68","10.53M","0.24%"
"10/22/2021","60,821.62","61,044.54","61,420.13","60,551.15","9.39M","-0.17%"
"10/21/2021","60,923.50","61,557.94","61,621.20","60,485.65","7.27M","-0.55%"
"10/20/2021","61,259.96","61,800.07","61,880.36","61,109.29","48.39M","-0.74%"
"10/19/2021","61,716.05","62,156.48","62,245.43","61,594.29","8.58M","-0.08%"
"10/18/2021","61,765.59","61,817.32","61,963.07","61,624.65","11.84M","0.75%"
"10/14/2021","61,305.95","61,088.82","61,353.25","60,978.04","12.60M","0.94%"
"10/13/2021","60,737.05","60,619.91","60,836.63","60,452.29","8.48M","0.75%"
"10/12/2021","60,284.31","60,045.75","60,331.74","59,885.39","6.49M","0.25%"
"10/11/2021","60,135.78","60,099.68","60,476.13","59,811.42","42.49M","0.13%"
"10/08/2021","60,059.06","59,960.39","60,212.30","59,830.93","5.66M","0.64%"
"10/07/2021","59,677.83","59,632.81","59,914.91","59,597.06","5.69M","0.82%"
"10/06/2021","59,189.73","59,942.00","59,963.57","59,079.86","6.95M","-0.93%"
"10/05/2021","59,744.88","59,320.14","59,778.87","59,127.04","12.92M","0.75%"
"10/04/2021","59,299.32","59,143.00","59,548.82","58,952.11","9.96M","0.91%"
"10/01/2021","58,765.58","58,889.77","58,890.08","58,551.14","10.19M","-0.61%"
"09/30/2021","59,126.36","59,549.57","59,557.24","59,019.28","8.91M","-0.48%"
"09/29/2021","59,413.27","59,296.54","59,678.66","59,111.41","16.07M","-0.43%"
"09/28/2021","59,667.60","60,285.89","60,288.44","59,045.53","21.06M","-0.68%"
"09/27/2021","60,077.88","60,303.79","60,412.32","59,887.19","6.23M","0.05%"
"09/24/2021","60,048.47","60,158.76","60,333.00","59,946.55","10.87M","0.27%"
"09/23/2021","59,885.36","59,358.18","59,957.25","59,243.15","44.59M","1.63%"
"09/22/2021","58,927.33","59,166.15","59,178.44","58,878.38","19.22M","-0.13%"
"09/21/2021","59,005.27","58,630.06","59,084.51","58,232.54","9.50M","0.88%"
"09/20/2021","58,490.93","58,634.69","59,202.56","58,389.69","17.40M","-0.89%"
"09/17/2021","59,015.89","59,409.98","59,737.32","58,871.73","13.14M","-0.21%"
"09/16/2021","59,141.16","58,881.04","59,204.29","58,700.50","24.66M","0.71%"
"09/15/2021","58,723.20","58,354.11","58,777.06","58,272.82","9.56M","0.82%"
"09/14/2021","58,247.09","58,482.62","58,482.62","58,214.29","6.71M","0.12%"
"09/13/2021","58,177.76","58,262.11","58,314.64","57,944.63","5.57M","-0.22%"
"09/09/2021","58,305.07","58,172.98","58,334.59","58,084.99","5.33M","0.09%"
"09/08/2021","58,250.26","58,350.56","58,372.94","57,924.48","5.29M","-0.05%"
"09/07/2021","58,279.48","58,418.69","58,553.07","58,005.07","7.45M","-0.03%"
"09/06/2021","58,296.91","58,411.62","58,515.85","58,200.29","5.63M","0.29%"
"09/03/2021","58,129.95","57,983.45","58,194.79","57,764.07","6.14M","0.48%"
"09/02/2021","57,852.54","57,423.65","57,892.37","57,287.79","5.06M","0.90%"
"09/01/2021","57,338.21","57,763.53","57,918.71","57,263.90","7.34M","-0.37%"
"08/31/2021","57,552.39","56,995.15","57,625.26","56,859.10","11.21M","1.16%"
"08/30/2021","56,889.76","56,329.25","56,958.27","56,309.86","6.58M","1.36%"
"08/27/2021","56,124.72","55,862.93","56,188.23","55,675.87","6.01M","0.31%"
"08/26/2021","55,949.10","55,988.41","56,112.39","55,854.07","8.35M","0.01%"
"08/25/2021","55,944.21","56,067.06","56,198.13","55,899.96","5.43M","-0.03%"
"08/24/2021","55,958.98","55,647.11","56,023.22","55,536.84","7.59M","0.73%"
"08/23/2021","55,555.79","55,695.84","55,781.17","55,240.29","7.53M","0.41%"
"08/20/2021","55,329.32","55,159.13","55,543.16","55,013.98","6.80M","-0.54%"
"08/18/2021","55,629.49","56,073.31","56,118.57","55,514.89","16.07M","-0.29%"
"08/17/2021","55,792.27","55,565.64","55,854.88","55,386.49","6.82M","0.38%"
"08/16/2021","55,582.58","55,479.74","55,680.75","55,281.02","5.99M","0.26%"
"08/13/2021","55,437.29","54,911.95","55,487.79","54,905.49","14.12M","1.08%"
"08/12/2021","54,843.98","54,641.22","54,874.10","54,536.65","9.33M","0.58%"
"08/11/2021","54,525.93","54,730.65","54,758.74","54,167.20","6.52M","-0.05%"
"08/10/2021","54,554.66","54,461.31","54,779.66","54,308.77","8.73M","0.28%"
"08/09/2021","54,402.85","54,385.71","54,584.73","54,124.27","11.47M","0.23%"
"08/06/2021","54,277.72","54,492.17","54,633.58","54,210.33","7.23M","-0.39%"
"08/05/2021","54,492.84","54,576.64","54,717.24","54,230.89","15.34M","0.23%"
"08/04/2021","54,369.77","54,071.22","54,465.91","54,034.31","14.59M","1.02%"
"08/03/2021","53,823.36","53,125.97","53,887.98","53,088.35","8.12M","1.65%"
"08/02/2021","52,950.63","52,901.28","52,986.77","52,804.08","7.88M","0.69%"
"07/30/2021","52,586.84","52,792.36","52,910.23","52,533.91","9.93M","-0.13%"
"07/29/2021","52,653.07","52,693.53","52,777.18","52,561.39","8.84M","0.40%"
"07/28/2021","52,443.71","52,673.69","52,673.69","51,802.73","8.02M","-0.26%"
"07/27/2021","52,578.76","52,995.72","53,024.70","52,433.18","6.33M","-0.52%"
"07/26/2021","52,852.27","52,985.26","53,103.42","52,783.63","20.89M","-0.23%"
"07/23/2021","52,975.80","52,967.87","53,114.70","52,653.77","12.06M","0.26%"
"07/22/2021","52,837.21","52,494.56","52,867.26","52,471.23","8.33M","1.22%"
"07/20/2021","52,198.51","52,432.88","52,465.03","52,013.51","7.98M","-0.68%"
"07/19/2021","52,553.40","52,606.99","52,821.17","52,405.89","23.78M","-1.10%"
"07/16/2021","53,140.06","53,244.40","53,290.81","52,997.09","6.73M","-0.04%"
"07/15/2021","53,158.85","52,968.89","53,266.12","52,948.43","8.09M","0.48%"
"07/14/2021","52,904.05","52,801.44","52,978.58","52,611.97","9.34M","0.25%"
"07/13/2021","52,769.73","52,694.89","52,806.86","52,545.68","7.94M","0.76%"
"07/12/2021","52,372.69","52,634.33","52,700.51","52,208.96","24.94M","-0.03%"
"07/09/2021","52,386.19","52,508.24","52,555.73","52,228.01","6.44M","-0.35%"
"07/08/2021","52,568.94","53,065.69","53,103.03","52,428.84","6.38M","-0.92%"
"07/07/2021","53,054.76","52,919.71","53,105.41","52,751.76","7.99M","0.37%"
"07/06/2021","52,861.18","52,874.85","53,129.37","52,804.18","6.96M","-0.04%"
"07/05/2021","52,880.00","52,682.89","52,919.17","52,604.35","7.56M","0.75%"
"07/02/2021","52,484.67","52,434.55","52,527.90","52,177.68","6.42M","0.32%"
"07/01/2021","52,318.60","52,638.50","52,638.50","52,281.01","5.78M","-0.31%"
"06/30/2021","52,482.71","52,651.09","52,875.92","52,448.64","9.53M","-0.13%"
"06/29/2021","52,549.66","52,795.76","52,816.42","52,477.77","9.16M","-0.35%"
"06/28/2021","52,735.59","53,126.73","53,126.73","52,673.50","6.22M","-0.36%"
"06/25/2021","52,925.04","52,877.16","52,973.07","52,614.49","10.68M","0.43%"
"06/24/2021","52,699.00","52,514.57","52,830.68","52,385.05","7.86M","0.75%"
"06/23/2021","52,306.08","52,912.35","52,912.35","52,264.12","13.60M","-0.54%"
"06/22/2021","52,588.71","52,885.04","53,057.11","52,520.55","7.73M","0.03%"
"06/21/2021","52,574.46","51,887.55","52,629.18","51,740.19","12.49M","0.44%"
"06/18/2021","52,344.45","52,568.07","52,586.41","51,601.11","11.84M","0.04%"
"06/17/2021","52,323.33","52,122.25","52,523.88","52,040.51","8.85M","-0.34%"
"06/16/2021","52,501.98","52,782.21","52,816.31","52,425.57","12.90M","-0.51%"
"06/15/2021","52,773.05","52,751.83","52,869.51","52,671.29","16.34M","0.42%"
"06/14/2021","52,551.53","52,492.34","52,590.92","51,936.31","9.88M","0.15%"
"06/11/2021","52,474.76","52,477.19","52,641.53","52,388.95","8.52M","0.33%"
"06/10/2021","52,300.47","52,143.90","52,346.35","51,957.92","8.64M","0.69%"
"06/09/2021","51,941.64","52,401.41","52,446.92","51,717.07","15.24M","-0.64%"
"06/08/2021","52,275.57","52,428.72","52,432.43","52,135.04","12.28M","-0.10%"
"06/07/2021","52,328.51","52,231.38","52,378.69","52,054.76","19.77M","0.44%"
"06/04/2021","52,100.05","52,367.52","52,389.02","51,952.70","16.74M","-0.25%"
"06/03/2021","52,232.43","52,121.58","52,273.23","51,942.20","15.00M","0.74%"
"06/02/2021","51,849.48","51,749.10","51,913.92","51,450.58","13.48M","-0.16%"
"06/01/2021","51,934.88","52,067.51","52,228.65","51,808.88","13.39M","0.00%"
"05/31/2021","51,937.44","51,476.22","52,013.22","51,179.94","15.31M","1.00%"
"05/28/2021","51,422.88","51,381.27","51,529.32","51,258.69","15.22M","0.60%"
"05/27/2021","51,115.22","51,128.80","51,282.90","50,891.66","12.27M","0.19%"
"05/26/2021","51,017.52","50,899.58","51,072.61","50,620.45","9.39M","0.75%"
"05/25/2021","50,637.53","50,922.32","50,961.35","50,474.34","10.83M","-0.03%"
"05/24/2021","50,651.90","50,727.28","50,857.59","50,465.90","16.76M","0.22%"
"05/21/2021","50,540.48","49,833.98","50,591.12","49,832.72","18.11M","1.97%"
"05/20/2021","49,564.86","49,971.52","50,099.17","49,496.78","8.32M","-0.68%"
"05/19/2021","49,902.64","50,088.81","50,279.01","49,831.40","13.31M","-0.58%"
"05/18/2021","50,193.33","49,986.68","50,313.25","49,959.20","14.39M","1.24%"
"05/17/2021","49,580.73","48,990.70","49,628.42","48,923.13","20.60M","1.74%"
"05/14/2021","48,732.55","48,898.93","48,898.93","48,473.43","18.17M","0.09%"
"05/12/2021","48,690.80","49,171.28","49,171.28","48,550.72","17.42M","-0.96%"
"05/11/2021","49,161.81","49,066.45","49,304.47","48,988.18","14.97M","-0.69%"
"05/10/2021","49,502.41","49,496.05","49,617.47","49,412.05","12.24M","0.60%"
"05/07/2021","49,206.47","49,169.14","49,417.64","49,036.38","9.23M","0.52%"
"05/06/2021","48,949.76","48,877.78","49,011.31","48,614.11","9.52M","0.56%"
"05/05/2021","48,677.55","48,569.12","48,742.72","48,254.32","12.72M","0.88%"
"05/04/2021","48,253.51","48,881.63","48,996.53","48,149.45","13.20M","-0.95%"
"05/03/2021","48,718.52","48,356.01","48,863.23","48,028.07","14.70M","-0.13%"
"04/30/2021","48,782.36","49,360.89","49,569.42","48,698.08","19.41M","-1.98%"
"04/29/2021","49,765.94","50,093.86","50,375.77","49,535.98","13.23M","0.06%"
"04/28/2021","49,733.84","49,066.64","49,801.48","49,066.64","14.26M","1.61%"
"04/27/2021","48,944.14","48,424.08","49,009.26","48,399.53","10.06M","1.15%"
"04/26/2021","48,386.51","48,197.37","48,667.98","48,152.24","15.23M","1.06%"
"04/23/2021","47,878.45","47,863.81","48,265.39","47,669.55","11.18M","-0.42%"
"04/22/2021","48,080.67","47,501.71","48,143.16","47,204.50","15.84M","0.79%"
"04/20/2021","47,705.80","48,473.04","48,478.34","47,438.50","11.56M","-0.51%"
"04/19/2021","47,949.42","47,940.81","48,020.79","47,362.71","10.52M","-1.81%"
"04/16/2021","48,832.03","48,935.74","49,089.55","48,694.49","11.87M","0.06%"
"04/15/2021","48,803.68","48,512.77","48,887.85","48,010.55","16.11M","0.53%"
"04/13/2021","48,544.06","47,991.53","48,627.43","47,775.32","10.01M","1.38%"
"04/12/2021","47,883.38","48,956.65","48,956.65","47,693.44","19.06M","-3.44%"
"04/09/2021","49,591.32","49,743.39","49,906.91","49,461.01","8.85M","-0.31%"
"04/08/2021","49,746.21","49,885.26","50,118.08","49,581.61","21.77M","0.17%"
"04/07/2021","49,661.76","49,277.09","49,900.13","49,093.90","9.76M","0.94%"
"04/06/2021","49,201.39","49,441.13","49,582.26","48,936.35","9.58M","0.09%"
"04/05/2021","49,159.32","50,020.91","50,028.67","48,580.80","12.65M","-1.74%"
"04/01/2021","50,029.83","49,868.53","50,092.48","49,478.53","8.52M","1.05%"
"03/31/2021","49,509.15","50,049.12","50,050.32","49,442.50","11.94M","-1.25%"
"03/30/2021","50,136.58","49,331.68","50,268.45","49,331.68","10.51M","2.30%"
"03/26/2021","49,008.50","48,969.25","49,234.66","48,699.91","10.58M","1.17%"
"03/25/2021","48,440.12","49,201.98","49,247.95","48,236.35","14.30M","-1.51%"
"03/24/2021","49,180.31","49,786.47","49,854.58","49,120.34","9.18M","-1.74%"
"03/23/2021","50,051.44","49,876.21","50,264.65","49,661.92","13.37M","0.56%"
"03/22/2021","49,771.29","49,878.77","49,878.77","49,281.02","11.63M","-0.17%"
"03/19/2021","49,858.24","48,881.19","50,003.58","48,586.93","17.51M","1.30%"
"03/18/2021","49,216.52","50,161.25","50,296.35","48,962.36","12.61M","-1.17%"
"03/17/2021","49,801.62","50,436.02","50,561.12","49,718.65","12.98M","-1.12%"
"03/16/2021","50,363.96","50,608.42","50,857.98","50,289.44","10.24M","-0.06%"
"03/15/2021","50,395.08","50,773.47","50,834.78","49,799.07","17.60M","-0.78%"
"03/12/2021","50,792.08","51,660.98","51,821.84","50,538.43","12.25M","-0.95%"
"03/10/2021","51,279.51","51,404.68","51,430.43","51,048.93","9.32M","0.50%"
"03/09/2021","51,025.48","50,714.16","51,111.94","50,396.10","12.23M","1.16%"
"03/08/2021","50,441.07","50,654.02","50,985.77","50,318.26","14.22M","0.07%"
"03/05/2021","50,405.32","50,517.36","50,886.19","50,160.54","19.16M","-0.87%"
"03/04/2021","50,846.08","50,812.14","51,256.55","50,539.92","21.85M","-1.16%"
"03/03/2021","51,444.65","50,738.21","51,539.89","50,512.84","15.78M","2.28%"
"03/02/2021","50,296.89","50,258.09","50,439.82","49,807.12","17.47M","0.90%"
"03/01/2021","49,849.84","49,747.71","50,058.42","49,440.46","18.38M","1.53%"
"02/26/2021","49,099.99","50,256.71","50,400.31","48,890.48","23.08M","-3.80%"
"02/25/2021","51,039.31","51,207.61","51,386.12","50,991.76","33.47M","0.51%"
"02/24/2021","50,781.69","49,763.94","50,881.17","49,648.78","45.91M","2.07%"
"02/23/2021","49,751.41","49,994.85","50,327.31","49,659.85","14.85M","0.01%"
"02/22/2021","49,744.32","50,910.51","50,986.03","49,617.37","16.25M","-2.25%"
"02/19/2021","50,889.76","51,238.02","51,432.99","50,624.33","14.98M","-0.85%"
"02/18/2021","51,324.69","51,903.96","51,903.96","51,186.68","18.25M","-0.73%"
"02/17/2021","51,703.83","51,996.94","52,078.15","51,586.34","13.63M","-0.77%"
"02/16/2021","52,104.17","52,400.03","52,516.76","51,863.61","21.14M","-0.10%"
"02/15/2021","52,154.13","51,907.75","52,235.97","51,886.46","14.73M","1.18%"
"02/12/2021","51,544.30","51,614.77","51,804.58","51,260.62","15.09M","0.02%"
"02/11/2021","51,531.52","51,165.84","51,592.45","51,157.31","12.07M","0.43%"
"02/10/2021","51,309.39","51,355.89","51,512.86","50,846.22","15.96M","-0.04%"
"02/09/2021","51,329.08","51,484.23","51,835.86","51,193.93","21.19M","-0.04%"
"02/08/2021","51,348.77","51,146.67","51,523.38","51,146.67","20.60M","1.22%"
"02/05/2021","50,731.63","51,031.39","51,073.27","50,565.29","32.18M","0.23%"
"02/04/2021","50,614.29","50,212.25","50,687.51","49,926.45","33.55M","0.71%"
"02/03/2021","50,255.75","50,231.06","50,526.39","49,515.88","22.37M","0.92%"
"02/02/2021","49,797.72","49,193.26","50,154.48","49,193.26","28.35M","2.46%"
"02/01/2021","48,600.61","46,617.95","48,764.40","46,433.65","22.03M","5.00%"
"01/29/2021","46,285.77","47,423.47","47,423.66","46,160.46","14.46M","-1.26%"
"01/28/2021","46,874.36","46,834.57","47,172.02","46,518.48","25.01M","-1.13%"
"01/27/2021","47,409.93","48,385.28","48,387.25","47,269.60","19.56M","-1.94%"
"01/25/2021","48,347.59","49,253.68","49,263.15","48,274.92","15.52M","-1.09%"
"01/22/2021","48,878.54","49,594.95","49,676.88","48,832.08","18.42M","-1.50%"
"01/21/2021","49,624.76","50,096.57","50,184.01","49,398.86","19.33M","-0.34%"
"01/20/2021","49,792.12","49,508.79","49,874.42","49,373.68","12.16M","0.80%"
"01/19/2021","49,398.29","48,900.31","49,499.86","48,805.54","11.02M","1.72%"
"01/18/2021","48,564.27","49,061.22","49,122.23","48,403.97","16.61M","-0.96%"
"01/15/2021","49,034.67","49,656.71","49,656.71","48,795.79","14.69M","-1.11%"
"01/14/2021","49,584.16","49,432.83","49,663.58","49,182.37","24.47M","0.19%"
"01/13/2021","49,492.32","49,763.93","49,795.19","49,073.85","27.17M","-0.05%"
"01/12/2021","49,517.11","49,228.26","49,569.14","49,079.57","12.68M","0.50%"
"01/11/2021","49,269.32","49,252.31","49,303.79","48,956.38","21.18M","1.00%"
"01/08/2021","48,782.51","48,464.91","48,854.34","48,365.58","22.19M","1.43%"
"01/07/2021","48,093.32","48,524.36","48,558.34","48,037.87","18.43M","-0.17%"
"01/06/2021","48,174.06","48,616.66","48,616.66","47,864.14","22.50M","-0.54%"
"01/05/2021","48,437.78","48,037.63","48,486.24","47,903.38","12.18M","0.54%"
"01/04/2021","48,176.80","48,109.17","48,220.47","47,594.47","13.87M","0.64%"
"01/01/2021","47,868.98","47,785.28","47,980.36","47,771.15","8.27M","0.25%"
"12/31/2020","47,751.33","47,753.11","47,896.97","47,602.12","13.93M","0.01%"
"12/30/2020","47,746.22","47,789.03","47,807.85","47,358.36","15.63M","0.28%"
"12/29/2020","47,613.08","47,466.62","47,714.55","47,361.90","12.76M","0.55%"
"12/28/2020","47,353.75","47,153.59","47,406.72","47,148.24","9.59M","0.81%"
"12/24/2020","46,973.54","46,743.49","47,053.40","46,539.02","13.71M","1.14%"
"12/23/2020","46,444.18","46,072.30","46,513.32","45,899.10","10.47M","0.95%"
"12/22/2020","46,006.69","45,529.61","46,080.18","45,112.19","25.08M","0.99%"
"12/21/2020","45,553.96","46,932.18","47,055.69","44,923.08","24.39M","-3.00%"
"12/18/2020","46,960.69","47,026.02","47,026.02","46,630.31","12.80M","0.15%"
"12/17/2020","46,890.34","46,774.32","46,992.57","46,627.60","17.22M","0.48%"
"12/16/2020","46,666.46","46,573.31","46,704.97","46,402.20","13.14M","0.87%"
"12/15/2020","46,263.17","46,287.39","46,350.30","45,841.67","16.39M","0.02%"
"12/14/2020","46,253.46","46,284.70","46,373.34","45,951.53","18.42M","0.34%"
"12/11/2020","46,099.01","46,060.32","46,309.63","45,706.22","26.25M","0.30%"
"12/10/2020","45,959.88","45,999.42","46,043.97","45,685.87","12.73M","-0.31%"
"12/09/2020","46,103.50","45,891.04","46,164.10","45,792.01","20.68M","1.09%"
"12/08/2020","45,608.51","45,568.80","45,742.23","45,335.17","18.21M","0.40%"
"12/07/2020","45,426.97","45,099.92","45,458.92","45,024.47","18.69M","0.77%"
"12/04/2020","45,079.55","44,665.91","45,148.28","44,665.91","27.64M","1.00%"
"12/03/2020","44,632.65","44,902.02","44,953.01","44,551.42","30.67M","0.03%"
"12/02/2020","44,618.04","44,729.52","44,729.64","44,169.97","16.02M","-0.08%"
"12/01/2020","44,655.44","44,435.83","44,730.79","44,118.10","16.03M","1.15%"